run_id,status_file,manifest_status,superseded
s10-degeneracy-20260918T171337Z-44f96a1e,COMPLETED,COMPLETED,False
s10-degeneracy-20260918T171407Z-10e3ea7c,COMPLETED,COMPLETED,False
s10-degeneracy-20260918T171436Z-c8957f3c,COMPLETED,COMPLETED,False
s10-degeneracy-20260918T171503Z-6f77e6a8,COMPLETED,COMPLETED,False
s10-degeneracy-20260918T171528Z-e67f3e54,COMPLETED,COMPLETED,False
s10-degeneracy-20260918T171552Z-6fcba65c,COMPLETED,COMPLETED,False
s10-embed-paperb-olmo-embed-bge-20260918T171617Z-a3bbf373,COMPLETED,COMPLETED,False
s10-embed-paperb-olmo-embed-bge-20260918T171759Z-8f891ae6,COMPLETED,COMPLETED,False
s10-embed-paperb-olmo-embed-bge-20260918T171922Z-03b35d44,COMPLETED,COMPLETED,False
s10-embed-paperb-olmo-embed-bge-20260918T172025Z-ed8ca4aa,COMPLETED,COMPLETED,False
s10-embed-paperb-olmo-embed-bge-20260918T172130Z-eee8a5ee,COMPLETED,COMPLETED,False
s10-embed-paperb-olmo-embed-bge-20260918T172254Z-60d02d30,ABORTED,RUNNING,True
s10-embed-paperb-olmo-embed-bge-20260918T180938Z-60d02d30,COMPLETED,COMPLETED,False
s10-embed-paperb-olmo-embed-qwen-hosted-20260918T181024Z-56bec26e,COMPLETED,COMPLETED,False
s10-embed-paperb-olmo-embed-qwen-hosted-20260918T182234Z-aedcf345,COMPLETED,COMPLETED,False
s10-embed-paperb-olmo-embed-qwen-hosted-20260918T182942Z-87dc4d2f,COMPLETED,COMPLETED,False
s10-embed-paperb-olmo-embed-qwen-hosted-20260918T183129Z-b55ba55e,COMPLETED,COMPLETED,False
s10-embed-paperb-olmo-embed-qwen-hosted-20260918T183341Z-e5b64bcf,COMPLETED,COMPLETED,False
s10-embed-paperb-olmo-embed-qwen-hosted-20260918T183528Z-0c3431e1,COMPLETED,COMPLETED,False
s10-paperb-olmo-base-int8-20260918T050048Z-2b2cdfd8,COMPLETED,COMPLETED,False
s10-paperb-olmo-base-nf4-20260916T204957Z-6d7b4be3,COMPLETED,COMPLETED,False
s10-paperb-olmo-dpo-nf4-20260918T000412Z-64ad9f9f,COMPLETED,COMPLETED,False
s10-paperb-olmo-rlvr-int8-20260918T142301Z-7125ccca,FAILED,FAILED,False
s10-paperb-olmo-rlvr-nf4-20260918T022536Z-30b5b3fc,COMPLETED,COMPLETED,False
s10-paperb-olmo-sft-nf4-20260917T142201Z-2b7b5b6e,COMPLETED,COMPLETED,False
s10-persistence-local-bge-m3-20260918T181215Z-ae5ce920,COMPLETED,COMPLETED,True
s10-persistence-local-bge-m3-20260918T181540Z-a488eb25,COMPLETED,COMPLETED,True
s10-persistence-local-bge-m3-20260918T181744Z-8281a4d8,COMPLETED,COMPLETED,True
s10-persistence-local-bge-m3-20260918T181815Z-43802c37,FAILED,FAILED,True
s10-persistence-local-bge-m3-20260918T181845Z-6401324e,COMPLETED,COMPLETED,True
s10-persistence-local-bge-m3-20260918T181919Z-e1089709,FAILED,FAILED,True
s10-persistence-local-bge-m3-20260918T182127Z-43802c37,COMPLETED,COMPLETED,True
s10-persistence-local-bge-m3-20260918T183606Z-ae5ce920,COMPLETED,COMPLETED,False
s10-persistence-local-bge-m3-20260918T183928Z-a488eb25,COMPLETED,COMPLETED,False
s10-persistence-local-bge-m3-20260918T184127Z-8281a4d8,COMPLETED,COMPLETED,False
s10-persistence-local-bge-m3-20260918T184158Z-43802c37,COMPLETED,COMPLETED,False
s10-persistence-local-bge-m3-20260918T184229Z-6401324e,COMPLETED,COMPLETED,False
s10-persistence-local-bge-m3-20260918T184303Z-e1089709,FAILED,FAILED,True
s10-persistence-qwen3-embed-8b-20260918T184328Z-1b7980c4,COMPLETED,COMPLETED,False
s10-persistence-qwen3-embed-8b-20260918T185049Z-b74539c2,COMPLETED,COMPLETED,False
s10-persistence-qwen3-embed-8b-20260918T185457Z-fb071b6d,COMPLETED,COMPLETED,False
s10-persistence-qwen3-embed-8b-20260918T185534Z-397f0bda,COMPLETED,COMPLETED,False
s10-persistence-qwen3-embed-8b-20260918T185612Z-4005131e,COMPLETED,COMPLETED,False
s10-persistence-qwen3-embed-8b-20260918T185656Z-bf8e0779,FAILED,FAILED,True
