trajectory_id,seed_id,confirmed_lock,confirmed_escape,tau_lock,tau_escape
pb-olmo3-7b-base__W4096__T0p3__biology__s2,biology,True,False,0.75,
pb-olmo3-7b-base__W4096__T0p3__finance__s2,finance,True,False,0.75,
pb-olmo3-7b-base__W4096__T0p3__finance__s3,finance,True,False,0.75,
pb-olmo3-7b-base__W4096__T0p3__finance__s4,finance,True,False,0.75,
pb-olmo3-7b-base__W4096__T0p3__love__s1,love,True,False,0.75,
pb-olmo3-7b-base__W4096__T0p3__love__s2,love,True,False,0.75,
pb-olmo3-7b-base__W4096__T0p3__love__s3,love,True,False,0.75,
pb-olmo3-7b-base__W4096__T0p3__love__s4,love,True,False,0.75,
pb-olmo3-7b-base__W4096__T0p3__noise__s1,noise,True,False,0.75,
pb-olmo3-7b-base__W4096__T0p3__noise__s2,noise,True,False,0.75,
pb-olmo3-7b-base__W4096__T0p3__noise__s3,noise,True,False,0.75,
pb-olmo3-7b-base__W4096__T0p3__noise__s4,noise,True,False,0.75,
pb-olmo3-7b-base__W4096__T0p3__philosophy__s1,philosophy,True,False,0.75,
pb-olmo3-7b-base__W4096__T0p3__philosophy__s2,philosophy,True,False,0.75,
pb-olmo3-7b-base__W4096__T0p3__philosophy__s4,philosophy,True,False,0.75,
pb-olmo3-7b-base__W4096__T0p3__physics__s1,physics,True,False,0.75,
pb-olmo3-7b-base__W4096__T0p3__programming__s1,programming,True,False,0.75,
pb-olmo3-7b-base__W4096__T0p3__programming__s4,programming,True,False,0.75,
pb-olmo3-7b-base__W4096__T0p3__recipe__s3,recipe,True,False,0.75,
pb-olmo3-7b-base__W4096__T0p3__surreal__s1,surreal,True,False,0.75,
pb-olmo3-7b-base__W4096__T0p3__surreal__s2,surreal,True,False,0.75,
pb-olmo3-7b-base__W4096__T0p3__surreal__s3,surreal,True,False,0.75,
pb-olmo3-7b-base__W4096__T0p3__surreal__s4,surreal,True,False,0.75,
pb-olmo3-7b-base__W4096__T0p3__war__s1,war,True,False,0.75,
pb-olmo3-7b-base__W4096__T0p3__war__s2,war,True,False,0.75,
pb-olmo3-7b-base__W4096__T0p3__war__s3,war,True,False,0.75,
pb-olmo3-7b-base__W4096__T0p3__war__s4,war,True,False,0.75,
