held_out_seed,band_left,band_right,G,d_within,d_between,cell,embedding,generate_run_id,embed_run_id,persistence_run_id
biology,12,13,0.0919752,0.38651,0.478485,base-nf4,local-bge-m3,s10-paperb-olmo-base-nf4-20260916T204957Z-6d7b4be3,s10-embed-paperb-olmo-embed-bge-20260918T171617Z-a3bbf373,s10-persistence-local-bge-m3-20260918T183606Z-ae5ce920
finance,12,13,0.10147,0.379656,0.481127,base-nf4,local-bge-m3,s10-paperb-olmo-base-nf4-20260916T204957Z-6d7b4be3,s10-embed-paperb-olmo-embed-bge-20260918T171617Z-a3bbf373,s10-persistence-local-bge-m3-20260918T183606Z-ae5ce920
love,12,13,0.103785,0.383513,0.487298,base-nf4,local-bge-m3,s10-paperb-olmo-base-nf4-20260916T204957Z-6d7b4be3,s10-embed-paperb-olmo-embed-bge-20260918T171617Z-a3bbf373,s10-persistence-local-bge-m3-20260918T183606Z-ae5ce920
noise,12,13,0.0899922,0.391952,0.481944,base-nf4,local-bge-m3,s10-paperb-olmo-base-nf4-20260916T204957Z-6d7b4be3,s10-embed-paperb-olmo-embed-bge-20260918T171617Z-a3bbf373,s10-persistence-local-bge-m3-20260918T183606Z-ae5ce920
philosophy,12,13,0.0814904,0.3922,0.47369,base-nf4,local-bge-m3,s10-paperb-olmo-base-nf4-20260916T204957Z-6d7b4be3,s10-embed-paperb-olmo-embed-bge-20260918T171617Z-a3bbf373,s10-persistence-local-bge-m3-20260918T183606Z-ae5ce920
physics,12,13,0.0905253,0.38651,0.477035,base-nf4,local-bge-m3,s10-paperb-olmo-base-nf4-20260916T204957Z-6d7b4be3,s10-embed-paperb-olmo-embed-bge-20260918T171617Z-a3bbf373,s10-persistence-local-bge-m3-20260918T183606Z-ae5ce920
programming,12,13,0.0923183,0.389743,0.482061,base-nf4,local-bge-m3,s10-paperb-olmo-base-nf4-20260916T204957Z-6d7b4be3,s10-embed-paperb-olmo-embed-bge-20260918T171617Z-a3bbf373,s10-persistence-local-bge-m3-20260918T183606Z-ae5ce920
recipe,12,13,0.0931434,0.38651,0.479653,base-nf4,local-bge-m3,s10-paperb-olmo-base-nf4-20260916T204957Z-6d7b4be3,s10-embed-paperb-olmo-embed-bge-20260918T171617Z-a3bbf373,s10-persistence-local-bge-m3-20260918T183606Z-ae5ce920
surreal,12,13,0.105725,0.382145,0.48787,base-nf4,local-bge-m3,s10-paperb-olmo-base-nf4-20260916T204957Z-6d7b4be3,s10-embed-paperb-olmo-embed-bge-20260918T171617Z-a3bbf373,s10-persistence-local-bge-m3-20260918T183606Z-ae5ce920
war,12,13,0.0965697,0.385853,0.482423,base-nf4,local-bge-m3,s10-paperb-olmo-base-nf4-20260916T204957Z-6d7b4be3,s10-embed-paperb-olmo-embed-bge-20260918T171617Z-a3bbf373,s10-persistence-local-bge-m3-20260918T183606Z-ae5ce920
finance,12,13,0.115455,0.373168,0.488623,sft-nf4,local-bge-m3,s10-paperb-olmo-sft-nf4-20260917T142201Z-2b7b5b6e,s10-embed-paperb-olmo-embed-bge-20260918T171759Z-8f891ae6,s10-persistence-local-bge-m3-20260918T183928Z-a488eb25
love,12,13,0.113208,0.369698,0.482906,sft-nf4,local-bge-m3,s10-paperb-olmo-sft-nf4-20260917T142201Z-2b7b5b6e,s10-embed-paperb-olmo-embed-bge-20260918T171759Z-8f891ae6,s10-persistence-local-bge-m3-20260918T183928Z-a488eb25
noise,12,13,0.0732829,0.407858,0.481141,sft-nf4,local-bge-m3,s10-paperb-olmo-sft-nf4-20260917T142201Z-2b7b5b6e,s10-embed-paperb-olmo-embed-bge-20260918T171759Z-8f891ae6,s10-persistence-local-bge-m3-20260918T183928Z-a488eb25
physics,12,13,0.0896757,0.375628,0.465303,sft-nf4,local-bge-m3,s10-paperb-olmo-sft-nf4-20260917T142201Z-2b7b5b6e,s10-embed-paperb-olmo-embed-bge-20260918T171759Z-8f891ae6,s10-persistence-local-bge-m3-20260918T183928Z-a488eb25
recipe,12,13,0.109937,0.366014,0.475952,sft-nf4,local-bge-m3,s10-paperb-olmo-sft-nf4-20260917T142201Z-2b7b5b6e,s10-embed-paperb-olmo-embed-bge-20260918T171759Z-8f891ae6,s10-persistence-local-bge-m3-20260918T183928Z-a488eb25
surreal,12,13,0.110909,0.369253,0.480161,sft-nf4,local-bge-m3,s10-paperb-olmo-sft-nf4-20260917T142201Z-2b7b5b6e,s10-embed-paperb-olmo-embed-bge-20260918T171759Z-8f891ae6,s10-persistence-local-bge-m3-20260918T183928Z-a488eb25
war,12,13,0.0984064,0.372943,0.471349,sft-nf4,local-bge-m3,s10-paperb-olmo-sft-nf4-20260917T142201Z-2b7b5b6e,s10-embed-paperb-olmo-embed-bge-20260918T171759Z-8f891ae6,s10-persistence-local-bge-m3-20260918T183928Z-a488eb25
finance,12,13,,0.222602,,dpo-nf4,local-bge-m3,s10-paperb-olmo-dpo-nf4-20260918T000412Z-64ad9f9f,s10-embed-paperb-olmo-embed-bge-20260918T171922Z-03b35d44,s10-persistence-local-bge-m3-20260918T184127Z-8281a4d8
love,12,13,,0.222602,,dpo-nf4,local-bge-m3,s10-paperb-olmo-dpo-nf4-20260918T000412Z-64ad9f9f,s10-embed-paperb-olmo-embed-bge-20260918T171922Z-03b35d44,s10-persistence-local-bge-m3-20260918T184127Z-8281a4d8
noise,12,13,,,,dpo-nf4,local-bge-m3,s10-paperb-olmo-dpo-nf4-20260918T000412Z-64ad9f9f,s10-embed-paperb-olmo-embed-bge-20260918T171922Z-03b35d44,s10-persistence-local-bge-m3-20260918T184127Z-8281a4d8
biology,12,13,0.098232,0.393358,0.49159,base-int8,local-bge-m3,s10-paperb-olmo-base-int8-20260918T050048Z-2b2cdfd8,s10-embed-paperb-olmo-embed-bge-20260918T172130Z-eee8a5ee,s10-persistence-local-bge-m3-20260918T184229Z-6401324e
love,12,13,0.167349,0.454295,0.621644,base-int8,local-bge-m3,s10-paperb-olmo-base-int8-20260918T050048Z-2b2cdfd8,s10-embed-paperb-olmo-embed-bge-20260918T172130Z-eee8a5ee,s10-persistence-local-bge-m3-20260918T184229Z-6401324e
physics,12,13,0.00290149,0.393358,0.396259,base-int8,local-bge-m3,s10-paperb-olmo-base-int8-20260918T050048Z-2b2cdfd8,s10-embed-paperb-olmo-embed-bge-20260918T172130Z-eee8a5ee,s10-persistence-local-bge-m3-20260918T184229Z-6401324e
surreal,12,13,0.219776,0.33242,0.552196,base-int8,local-bge-m3,s10-paperb-olmo-base-int8-20260918T050048Z-2b2cdfd8,s10-embed-paperb-olmo-embed-bge-20260918T172130Z-eee8a5ee,s10-persistence-local-bge-m3-20260918T184229Z-6401324e
biology,12,13,0.183554,0.477266,0.66082,base-nf4,qwen3-embed-8b,s10-paperb-olmo-base-nf4-20260916T204957Z-6d7b4be3,s10-embed-paperb-olmo-embed-qwen-hosted-20260918T181024Z-56bec26e,s10-persistence-qwen3-embed-8b-20260918T184328Z-1b7980c4
finance,12,13,0.206056,0.461662,0.667718,base-nf4,qwen3-embed-8b,s10-paperb-olmo-base-nf4-20260916T204957Z-6d7b4be3,s10-embed-paperb-olmo-embed-qwen-hosted-20260918T181024Z-56bec26e,s10-persistence-qwen3-embed-8b-20260918T184328Z-1b7980c4
love,12,13,0.201546,0.488061,0.689607,base-nf4,qwen3-embed-8b,s10-paperb-olmo-base-nf4-20260916T204957Z-6d7b4be3,s10-embed-paperb-olmo-embed-qwen-hosted-20260918T181024Z-56bec26e,s10-persistence-qwen3-embed-8b-20260918T184328Z-1b7980c4
noise,12,13,0.20081,0.475369,0.676179,base-nf4,qwen3-embed-8b,s10-paperb-olmo-base-nf4-20260916T204957Z-6d7b4be3,s10-embed-paperb-olmo-embed-qwen-hosted-20260918T181024Z-56bec26e,s10-persistence-qwen3-embed-8b-20260918T184328Z-1b7980c4
philosophy,12,13,0.172452,0.48559,0.658042,base-nf4,qwen3-embed-8b,s10-paperb-olmo-base-nf4-20260916T204957Z-6d7b4be3,s10-embed-paperb-olmo-embed-qwen-hosted-20260918T181024Z-56bec26e,s10-persistence-qwen3-embed-8b-20260918T184328Z-1b7980c4
physics,12,13,0.177182,0.477266,0.654448,base-nf4,qwen3-embed-8b,s10-paperb-olmo-base-nf4-20260916T204957Z-6d7b4be3,s10-embed-paperb-olmo-embed-qwen-hosted-20260918T181024Z-56bec26e,s10-persistence-qwen3-embed-8b-20260918T184328Z-1b7980c4
programming,12,13,0.182068,0.483096,0.665164,base-nf4,qwen3-embed-8b,s10-paperb-olmo-base-nf4-20260916T204957Z-6d7b4be3,s10-embed-paperb-olmo-embed-qwen-hosted-20260918T181024Z-56bec26e,s10-persistence-qwen3-embed-8b-20260918T184328Z-1b7980c4
recipe,12,13,0.187179,0.477266,0.664446,base-nf4,qwen3-embed-8b,s10-paperb-olmo-base-nf4-20260916T204957Z-6d7b4be3,s10-embed-paperb-olmo-embed-qwen-hosted-20260918T181024Z-56bec26e,s10-persistence-qwen3-embed-8b-20260918T184328Z-1b7980c4
surreal,12,13,0.207515,0.47668,0.684195,base-nf4,qwen3-embed-8b,s10-paperb-olmo-base-nf4-20260916T204957Z-6d7b4be3,s10-embed-paperb-olmo-embed-qwen-hosted-20260918T181024Z-56bec26e,s10-persistence-qwen3-embed-8b-20260918T184328Z-1b7980c4
war,12,13,0.179503,0.470114,0.649617,base-nf4,qwen3-embed-8b,s10-paperb-olmo-base-nf4-20260916T204957Z-6d7b4be3,s10-embed-paperb-olmo-embed-qwen-hosted-20260918T181024Z-56bec26e,s10-persistence-qwen3-embed-8b-20260918T184328Z-1b7980c4
finance,12,13,0.194161,0.465295,0.659455,sft-nf4,qwen3-embed-8b,s10-paperb-olmo-sft-nf4-20260917T142201Z-2b7b5b6e,s10-embed-paperb-olmo-embed-qwen-hosted-20260918T182234Z-aedcf345,s10-persistence-qwen3-embed-8b-20260918T185049Z-b74539c2
love,12,13,0.189939,0.470749,0.660688,sft-nf4,qwen3-embed-8b,s10-paperb-olmo-sft-nf4-20260917T142201Z-2b7b5b6e,s10-embed-paperb-olmo-embed-qwen-hosted-20260918T182234Z-aedcf345,s10-persistence-qwen3-embed-8b-20260918T185049Z-b74539c2
noise,12,13,0.181731,0.491764,0.673495,sft-nf4,qwen3-embed-8b,s10-paperb-olmo-sft-nf4-20260917T142201Z-2b7b5b6e,s10-embed-paperb-olmo-embed-qwen-hosted-20260918T182234Z-aedcf345,s10-persistence-qwen3-embed-8b-20260918T185049Z-b74539c2
physics,12,13,0.154516,0.471263,0.625778,sft-nf4,qwen3-embed-8b,s10-paperb-olmo-sft-nf4-20260917T142201Z-2b7b5b6e,s10-embed-paperb-olmo-embed-qwen-hosted-20260918T182234Z-aedcf345,s10-persistence-qwen3-embed-8b-20260918T185049Z-b74539c2
recipe,12,13,0.190382,0.458957,0.649339,sft-nf4,qwen3-embed-8b,s10-paperb-olmo-sft-nf4-20260917T142201Z-2b7b5b6e,s10-embed-paperb-olmo-embed-qwen-hosted-20260918T182234Z-aedcf345,s10-persistence-qwen3-embed-8b-20260918T185049Z-b74539c2
surreal,12,13,0.1713,0.480404,0.651704,sft-nf4,qwen3-embed-8b,s10-paperb-olmo-sft-nf4-20260917T142201Z-2b7b5b6e,s10-embed-paperb-olmo-embed-qwen-hosted-20260918T182234Z-aedcf345,s10-persistence-qwen3-embed-8b-20260918T185049Z-b74539c2
war,12,13,0.153193,0.466857,0.62005,sft-nf4,qwen3-embed-8b,s10-paperb-olmo-sft-nf4-20260917T142201Z-2b7b5b6e,s10-embed-paperb-olmo-embed-qwen-hosted-20260918T182234Z-aedcf345,s10-persistence-qwen3-embed-8b-20260918T185049Z-b74539c2
finance,12,13,,0.392808,,dpo-nf4,qwen3-embed-8b,s10-paperb-olmo-dpo-nf4-20260918T000412Z-64ad9f9f,s10-embed-paperb-olmo-embed-qwen-hosted-20260918T182942Z-87dc4d2f,s10-persistence-qwen3-embed-8b-20260918T185457Z-fb071b6d
love,12,13,,0.392808,,dpo-nf4,qwen3-embed-8b,s10-paperb-olmo-dpo-nf4-20260918T000412Z-64ad9f9f,s10-embed-paperb-olmo-embed-qwen-hosted-20260918T182942Z-87dc4d2f,s10-persistence-qwen3-embed-8b-20260918T185457Z-fb071b6d
noise,12,13,,,,dpo-nf4,qwen3-embed-8b,s10-paperb-olmo-dpo-nf4-20260918T000412Z-64ad9f9f,s10-embed-paperb-olmo-embed-qwen-hosted-20260918T182942Z-87dc4d2f,s10-persistence-qwen3-embed-8b-20260918T185457Z-fb071b6d
biology,12,13,0.144475,0.515039,0.659513,base-int8,qwen3-embed-8b,s10-paperb-olmo-base-int8-20260918T050048Z-2b2cdfd8,s10-embed-paperb-olmo-embed-qwen-hosted-20260918T183341Z-e5b64bcf,s10-persistence-qwen3-embed-8b-20260918T185612Z-4005131e
love,12,13,0.20057,0.588561,0.789131,base-int8,qwen3-embed-8b,s10-paperb-olmo-base-int8-20260918T050048Z-2b2cdfd8,s10-embed-paperb-olmo-embed-qwen-hosted-20260918T183341Z-e5b64bcf,s10-persistence-qwen3-embed-8b-20260918T185612Z-4005131e
physics,12,13,0.0248012,0.515039,0.53984,base-int8,qwen3-embed-8b,s10-paperb-olmo-base-int8-20260918T050048Z-2b2cdfd8,s10-embed-paperb-olmo-embed-qwen-hosted-20260918T183341Z-e5b64bcf,s10-persistence-qwen3-embed-8b-20260918T185612Z-4005131e
surreal,12,13,0.327727,0.441516,0.769243,base-int8,qwen3-embed-8b,s10-paperb-olmo-base-int8-20260918T050048Z-2b2cdfd8,s10-embed-paperb-olmo-embed-qwen-hosted-20260918T183341Z-e5b64bcf,s10-persistence-qwen3-embed-8b-20260918T185612Z-4005131e
