band_left,band_right,band_mid,d_within,d_between,G,n_within_pairs,n_between_pairs,G_lo,G_hi
1,2,1.41421,0.463042,0.59744,0.134398,54,649,0.045522,0.167819
2,3,2.44949,0.465248,0.571042,0.105794,54,649,0.0300682,0.127916
3,4,3.4641,0.468735,0.554603,0.0858683,54,649,0.0205035,0.0996685
4,5,4.47214,0.493562,0.552875,0.0593134,54,649,0.0047541,0.068672
5,6,5.47723,0.483694,0.526507,0.0428125,54,649,-0.00885171,0.054097
6,7,6.48074,0.475797,0.524225,0.0484287,54,649,-0.00427805,0.0607687
7,8,7.48331,0.455776,0.505117,0.0493402,54,649,-0.000547433,0.0611432
8,9,8.48528,0.461756,0.487926,0.0261697,54,649,-0.0121368,0.0319635
9,10,9.48683,0.453479,0.475861,0.0223828,54,649,-0.0117551,0.0256368
10,11,10.4881,0.44655,0.457696,0.011146,54,649,-0.0180692,0.0137588
11,12,11.4891,0.459915,0.470107,0.0101925,54,649,-0.022437,0.0152897
12,13,12.49,0.457308,0.471473,0.0141659,54,649,-0.0208935,0.0186512
