trajectory_id,seed_id,confirmed_lock,confirmed_escape,tau_lock,tau_escape,cell,embedding,generate_run_id,embed_run_id,persistence_run_id
pb-olmo3-7b-base__W4096__T0p3__biology__s2,biology,True,False,0.75,,base-nf4,local-bge-m3,s10-paperb-olmo-base-nf4-20260916T204957Z-6d7b4be3,s10-embed-paperb-olmo-embed-bge-20260918T171617Z-a3bbf373,s10-persistence-local-bge-m3-20260918T183606Z-ae5ce920
pb-olmo3-7b-base__W4096__T0p3__finance__s2,finance,True,False,0.75,,base-nf4,local-bge-m3,s10-paperb-olmo-base-nf4-20260916T204957Z-6d7b4be3,s10-embed-paperb-olmo-embed-bge-20260918T171617Z-a3bbf373,s10-persistence-local-bge-m3-20260918T183606Z-ae5ce920
pb-olmo3-7b-base__W4096__T0p3__finance__s3,finance,True,False,0.75,,base-nf4,local-bge-m3,s10-paperb-olmo-base-nf4-20260916T204957Z-6d7b4be3,s10-embed-paperb-olmo-embed-bge-20260918T171617Z-a3bbf373,s10-persistence-local-bge-m3-20260918T183606Z-ae5ce920
pb-olmo3-7b-base__W4096__T0p3__finance__s4,finance,True,False,0.75,,base-nf4,local-bge-m3,s10-paperb-olmo-base-nf4-20260916T204957Z-6d7b4be3,s10-embed-paperb-olmo-embed-bge-20260918T171617Z-a3bbf373,s10-persistence-local-bge-m3-20260918T183606Z-ae5ce920
pb-olmo3-7b-base__W4096__T0p3__love__s1,love,True,False,0.75,,base-nf4,local-bge-m3,s10-paperb-olmo-base-nf4-20260916T204957Z-6d7b4be3,s10-embed-paperb-olmo-embed-bge-20260918T171617Z-a3bbf373,s10-persistence-local-bge-m3-20260918T183606Z-ae5ce920
pb-olmo3-7b-base__W4096__T0p3__love__s2,love,True,False,0.75,,base-nf4,local-bge-m3,s10-paperb-olmo-base-nf4-20260916T204957Z-6d7b4be3,s10-embed-paperb-olmo-embed-bge-20260918T171617Z-a3bbf373,s10-persistence-local-bge-m3-20260918T183606Z-ae5ce920
pb-olmo3-7b-base__W4096__T0p3__love__s3,love,True,False,0.75,,base-nf4,local-bge-m3,s10-paperb-olmo-base-nf4-20260916T204957Z-6d7b4be3,s10-embed-paperb-olmo-embed-bge-20260918T171617Z-a3bbf373,s10-persistence-local-bge-m3-20260918T183606Z-ae5ce920
pb-olmo3-7b-base__W4096__T0p3__love__s4,love,True,False,0.75,,base-nf4,local-bge-m3,s10-paperb-olmo-base-nf4-20260916T204957Z-6d7b4be3,s10-embed-paperb-olmo-embed-bge-20260918T171617Z-a3bbf373,s10-persistence-local-bge-m3-20260918T183606Z-ae5ce920
pb-olmo3-7b-base__W4096__T0p3__noise__s1,noise,True,False,0.75,,base-nf4,local-bge-m3,s10-paperb-olmo-base-nf4-20260916T204957Z-6d7b4be3,s10-embed-paperb-olmo-embed-bge-20260918T171617Z-a3bbf373,s10-persistence-local-bge-m3-20260918T183606Z-ae5ce920
pb-olmo3-7b-base__W4096__T0p3__noise__s2,noise,True,False,0.75,,base-nf4,local-bge-m3,s10-paperb-olmo-base-nf4-20260916T204957Z-6d7b4be3,s10-embed-paperb-olmo-embed-bge-20260918T171617Z-a3bbf373,s10-persistence-local-bge-m3-20260918T183606Z-ae5ce920
pb-olmo3-7b-base__W4096__T0p3__noise__s3,noise,True,False,0.75,,base-nf4,local-bge-m3,s10-paperb-olmo-base-nf4-20260916T204957Z-6d7b4be3,s10-embed-paperb-olmo-embed-bge-20260918T171617Z-a3bbf373,s10-persistence-local-bge-m3-20260918T183606Z-ae5ce920
pb-olmo3-7b-base__W4096__T0p3__noise__s4,noise,True,False,0.75,,base-nf4,local-bge-m3,s10-paperb-olmo-base-nf4-20260916T204957Z-6d7b4be3,s10-embed-paperb-olmo-embed-bge-20260918T171617Z-a3bbf373,s10-persistence-local-bge-m3-20260918T183606Z-ae5ce920
pb-olmo3-7b-base__W4096__T0p3__philosophy__s1,philosophy,True,False,0.75,,base-nf4,local-bge-m3,s10-paperb-olmo-base-nf4-20260916T204957Z-6d7b4be3,s10-embed-paperb-olmo-embed-bge-20260918T171617Z-a3bbf373,s10-persistence-local-bge-m3-20260918T183606Z-ae5ce920
pb-olmo3-7b-base__W4096__T0p3__philosophy__s2,philosophy,True,False,0.75,,base-nf4,local-bge-m3,s10-paperb-olmo-base-nf4-20260916T204957Z-6d7b4be3,s10-embed-paperb-olmo-embed-bge-20260918T171617Z-a3bbf373,s10-persistence-local-bge-m3-20260918T183606Z-ae5ce920
pb-olmo3-7b-base__W4096__T0p3__philosophy__s4,philosophy,True,False,0.75,,base-nf4,local-bge-m3,s10-paperb-olmo-base-nf4-20260916T204957Z-6d7b4be3,s10-embed-paperb-olmo-embed-bge-20260918T171617Z-a3bbf373,s10-persistence-local-bge-m3-20260918T183606Z-ae5ce920
pb-olmo3-7b-base__W4096__T0p3__physics__s1,physics,True,False,0.75,,base-nf4,local-bge-m3,s10-paperb-olmo-base-nf4-20260916T204957Z-6d7b4be3,s10-embed-paperb-olmo-embed-bge-20260918T171617Z-a3bbf373,s10-persistence-local-bge-m3-20260918T183606Z-ae5ce920
pb-olmo3-7b-base__W4096__T0p3__programming__s1,programming,True,False,0.75,,base-nf4,local-bge-m3,s10-paperb-olmo-base-nf4-20260916T204957Z-6d7b4be3,s10-embed-paperb-olmo-embed-bge-20260918T171617Z-a3bbf373,s10-persistence-local-bge-m3-20260918T183606Z-ae5ce920
pb-olmo3-7b-base__W4096__T0p3__programming__s4,programming,True,False,0.75,,base-nf4,local-bge-m3,s10-paperb-olmo-base-nf4-20260916T204957Z-6d7b4be3,s10-embed-paperb-olmo-embed-bge-20260918T171617Z-a3bbf373,s10-persistence-local-bge-m3-20260918T183606Z-ae5ce920
pb-olmo3-7b-base__W4096__T0p3__recipe__s3,recipe,True,False,0.75,,base-nf4,local-bge-m3,s10-paperb-olmo-base-nf4-20260916T204957Z-6d7b4be3,s10-embed-paperb-olmo-embed-bge-20260918T171617Z-a3bbf373,s10-persistence-local-bge-m3-20260918T183606Z-ae5ce920
pb-olmo3-7b-base__W4096__T0p3__surreal__s1,surreal,True,False,0.75,,base-nf4,local-bge-m3,s10-paperb-olmo-base-nf4-20260916T204957Z-6d7b4be3,s10-embed-paperb-olmo-embed-bge-20260918T171617Z-a3bbf373,s10-persistence-local-bge-m3-20260918T183606Z-ae5ce920
pb-olmo3-7b-base__W4096__T0p3__surreal__s2,surreal,True,False,0.75,,base-nf4,local-bge-m3,s10-paperb-olmo-base-nf4-20260916T204957Z-6d7b4be3,s10-embed-paperb-olmo-embed-bge-20260918T171617Z-a3bbf373,s10-persistence-local-bge-m3-20260918T183606Z-ae5ce920
pb-olmo3-7b-base__W4096__T0p3__surreal__s3,surreal,True,False,0.75,,base-nf4,local-bge-m3,s10-paperb-olmo-base-nf4-20260916T204957Z-6d7b4be3,s10-embed-paperb-olmo-embed-bge-20260918T171617Z-a3bbf373,s10-persistence-local-bge-m3-20260918T183606Z-ae5ce920
pb-olmo3-7b-base__W4096__T0p3__surreal__s4,surreal,True,False,0.75,,base-nf4,local-bge-m3,s10-paperb-olmo-base-nf4-20260916T204957Z-6d7b4be3,s10-embed-paperb-olmo-embed-bge-20260918T171617Z-a3bbf373,s10-persistence-local-bge-m3-20260918T183606Z-ae5ce920
pb-olmo3-7b-base__W4096__T0p3__war__s1,war,True,False,0.75,,base-nf4,local-bge-m3,s10-paperb-olmo-base-nf4-20260916T204957Z-6d7b4be3,s10-embed-paperb-olmo-embed-bge-20260918T171617Z-a3bbf373,s10-persistence-local-bge-m3-20260918T183606Z-ae5ce920
pb-olmo3-7b-base__W4096__T0p3__war__s2,war,True,False,0.75,,base-nf4,local-bge-m3,s10-paperb-olmo-base-nf4-20260916T204957Z-6d7b4be3,s10-embed-paperb-olmo-embed-bge-20260918T171617Z-a3bbf373,s10-persistence-local-bge-m3-20260918T183606Z-ae5ce920
pb-olmo3-7b-base__W4096__T0p3__war__s3,war,True,False,0.75,,base-nf4,local-bge-m3,s10-paperb-olmo-base-nf4-20260916T204957Z-6d7b4be3,s10-embed-paperb-olmo-embed-bge-20260918T171617Z-a3bbf373,s10-persistence-local-bge-m3-20260918T183606Z-ae5ce920
pb-olmo3-7b-base__W4096__T0p3__war__s4,war,True,False,0.75,,base-nf4,local-bge-m3,s10-paperb-olmo-base-nf4-20260916T204957Z-6d7b4be3,s10-embed-paperb-olmo-embed-bge-20260918T171617Z-a3bbf373,s10-persistence-local-bge-m3-20260918T183606Z-ae5ce920
pb-olmo3-7b-sft__W4096__T0p3__finance__s1,finance,True,False,0.75,,sft-nf4,local-bge-m3,s10-paperb-olmo-sft-nf4-20260917T142201Z-2b7b5b6e,s10-embed-paperb-olmo-embed-bge-20260918T171759Z-8f891ae6,s10-persistence-local-bge-m3-20260918T183928Z-a488eb25
pb-olmo3-7b-sft__W4096__T0p3__finance__s3,finance,True,False,0.75,,sft-nf4,local-bge-m3,s10-paperb-olmo-sft-nf4-20260917T142201Z-2b7b5b6e,s10-embed-paperb-olmo-embed-bge-20260918T171759Z-8f891ae6,s10-persistence-local-bge-m3-20260918T183928Z-a488eb25
pb-olmo3-7b-sft__W4096__T0p3__love__s1,love,True,False,0.75,,sft-nf4,local-bge-m3,s10-paperb-olmo-sft-nf4-20260917T142201Z-2b7b5b6e,s10-embed-paperb-olmo-embed-bge-20260918T171759Z-8f891ae6,s10-persistence-local-bge-m3-20260918T183928Z-a488eb25
pb-olmo3-7b-sft__W4096__T0p3__love__s2,love,True,False,0.75,,sft-nf4,local-bge-m3,s10-paperb-olmo-sft-nf4-20260917T142201Z-2b7b5b6e,s10-embed-paperb-olmo-embed-bge-20260918T171759Z-8f891ae6,s10-persistence-local-bge-m3-20260918T183928Z-a488eb25
pb-olmo3-7b-sft__W4096__T0p3__love__s3,love,True,False,0.75,,sft-nf4,local-bge-m3,s10-paperb-olmo-sft-nf4-20260917T142201Z-2b7b5b6e,s10-embed-paperb-olmo-embed-bge-20260918T171759Z-8f891ae6,s10-persistence-local-bge-m3-20260918T183928Z-a488eb25
pb-olmo3-7b-sft__W4096__T0p3__love__s4,love,True,False,0.75,,sft-nf4,local-bge-m3,s10-paperb-olmo-sft-nf4-20260917T142201Z-2b7b5b6e,s10-embed-paperb-olmo-embed-bge-20260918T171759Z-8f891ae6,s10-persistence-local-bge-m3-20260918T183928Z-a488eb25
pb-olmo3-7b-sft__W4096__T0p3__noise__s1,noise,True,False,0.75,,sft-nf4,local-bge-m3,s10-paperb-olmo-sft-nf4-20260917T142201Z-2b7b5b6e,s10-embed-paperb-olmo-embed-bge-20260918T171759Z-8f891ae6,s10-persistence-local-bge-m3-20260918T183928Z-a488eb25
pb-olmo3-7b-sft__W4096__T0p3__noise__s2,noise,True,False,0.75,,sft-nf4,local-bge-m3,s10-paperb-olmo-sft-nf4-20260917T142201Z-2b7b5b6e,s10-embed-paperb-olmo-embed-bge-20260918T171759Z-8f891ae6,s10-persistence-local-bge-m3-20260918T183928Z-a488eb25
pb-olmo3-7b-sft__W4096__T0p3__noise__s3,noise,True,False,0.75,,sft-nf4,local-bge-m3,s10-paperb-olmo-sft-nf4-20260917T142201Z-2b7b5b6e,s10-embed-paperb-olmo-embed-bge-20260918T171759Z-8f891ae6,s10-persistence-local-bge-m3-20260918T183928Z-a488eb25
pb-olmo3-7b-sft__W4096__T0p3__noise__s4,noise,True,False,0.75,,sft-nf4,local-bge-m3,s10-paperb-olmo-sft-nf4-20260917T142201Z-2b7b5b6e,s10-embed-paperb-olmo-embed-bge-20260918T171759Z-8f891ae6,s10-persistence-local-bge-m3-20260918T183928Z-a488eb25
pb-olmo3-7b-sft__W4096__T0p3__physics__s4,physics,True,False,0.75,,sft-nf4,local-bge-m3,s10-paperb-olmo-sft-nf4-20260917T142201Z-2b7b5b6e,s10-embed-paperb-olmo-embed-bge-20260918T171759Z-8f891ae6,s10-persistence-local-bge-m3-20260918T183928Z-a488eb25
pb-olmo3-7b-sft__W4096__T0p3__recipe__s1,recipe,True,False,0.75,,sft-nf4,local-bge-m3,s10-paperb-olmo-sft-nf4-20260917T142201Z-2b7b5b6e,s10-embed-paperb-olmo-embed-bge-20260918T171759Z-8f891ae6,s10-persistence-local-bge-m3-20260918T183928Z-a488eb25
pb-olmo3-7b-sft__W4096__T0p3__recipe__s2,recipe,True,False,0.75,,sft-nf4,local-bge-m3,s10-paperb-olmo-sft-nf4-20260917T142201Z-2b7b5b6e,s10-embed-paperb-olmo-embed-bge-20260918T171759Z-8f891ae6,s10-persistence-local-bge-m3-20260918T183928Z-a488eb25
pb-olmo3-7b-sft__W4096__T0p3__recipe__s4,recipe,True,False,0.75,,sft-nf4,local-bge-m3,s10-paperb-olmo-sft-nf4-20260917T142201Z-2b7b5b6e,s10-embed-paperb-olmo-embed-bge-20260918T171759Z-8f891ae6,s10-persistence-local-bge-m3-20260918T183928Z-a488eb25
pb-olmo3-7b-sft__W4096__T0p3__surreal__s1,surreal,True,False,0.75,,sft-nf4,local-bge-m3,s10-paperb-olmo-sft-nf4-20260917T142201Z-2b7b5b6e,s10-embed-paperb-olmo-embed-bge-20260918T171759Z-8f891ae6,s10-persistence-local-bge-m3-20260918T183928Z-a488eb25
pb-olmo3-7b-sft__W4096__T0p3__surreal__s2,surreal,True,False,0.75,,sft-nf4,local-bge-m3,s10-paperb-olmo-sft-nf4-20260917T142201Z-2b7b5b6e,s10-embed-paperb-olmo-embed-bge-20260918T171759Z-8f891ae6,s10-persistence-local-bge-m3-20260918T183928Z-a488eb25
pb-olmo3-7b-sft__W4096__T0p3__surreal__s3,surreal,True,False,0.75,,sft-nf4,local-bge-m3,s10-paperb-olmo-sft-nf4-20260917T142201Z-2b7b5b6e,s10-embed-paperb-olmo-embed-bge-20260918T171759Z-8f891ae6,s10-persistence-local-bge-m3-20260918T183928Z-a488eb25
pb-olmo3-7b-sft__W4096__T0p3__surreal__s4,surreal,True,False,0.75,,sft-nf4,local-bge-m3,s10-paperb-olmo-sft-nf4-20260917T142201Z-2b7b5b6e,s10-embed-paperb-olmo-embed-bge-20260918T171759Z-8f891ae6,s10-persistence-local-bge-m3-20260918T183928Z-a488eb25
pb-olmo3-7b-sft__W4096__T0p3__war__s3,war,True,False,0.75,,sft-nf4,local-bge-m3,s10-paperb-olmo-sft-nf4-20260917T142201Z-2b7b5b6e,s10-embed-paperb-olmo-embed-bge-20260918T171759Z-8f891ae6,s10-persistence-local-bge-m3-20260918T183928Z-a488eb25
pb-olmo3-7b-sft__W4096__T0p3__war__s4,war,True,False,0.75,,sft-nf4,local-bge-m3,s10-paperb-olmo-sft-nf4-20260917T142201Z-2b7b5b6e,s10-embed-paperb-olmo-embed-bge-20260918T171759Z-8f891ae6,s10-persistence-local-bge-m3-20260918T183928Z-a488eb25
pb-olmo3-7b-dpo__W4096__T0p3__finance__s1,finance,True,False,0.75,,dpo-nf4,local-bge-m3,s10-paperb-olmo-dpo-nf4-20260918T000412Z-64ad9f9f,s10-embed-paperb-olmo-embed-bge-20260918T171922Z-03b35d44,s10-persistence-local-bge-m3-20260918T184127Z-8281a4d8
pb-olmo3-7b-dpo__W4096__T0p3__love__s3,love,True,False,0.75,,dpo-nf4,local-bge-m3,s10-paperb-olmo-dpo-nf4-20260918T000412Z-64ad9f9f,s10-embed-paperb-olmo-embed-bge-20260918T171922Z-03b35d44,s10-persistence-local-bge-m3-20260918T184127Z-8281a4d8
pb-olmo3-7b-dpo__W4096__T0p3__noise__s2,noise,True,False,0.75,,dpo-nf4,local-bge-m3,s10-paperb-olmo-dpo-nf4-20260918T000412Z-64ad9f9f,s10-embed-paperb-olmo-embed-bge-20260918T171922Z-03b35d44,s10-persistence-local-bge-m3-20260918T184127Z-8281a4d8
pb-olmo3-7b-dpo__W4096__T0p3__noise__s3,noise,True,False,0.75,,dpo-nf4,local-bge-m3,s10-paperb-olmo-dpo-nf4-20260918T000412Z-64ad9f9f,s10-embed-paperb-olmo-embed-bge-20260918T171922Z-03b35d44,s10-persistence-local-bge-m3-20260918T184127Z-8281a4d8
pb-olmo3-7b-dpo__W4096__T0p3__noise__s4,noise,True,False,0.75,,dpo-nf4,local-bge-m3,s10-paperb-olmo-dpo-nf4-20260918T000412Z-64ad9f9f,s10-embed-paperb-olmo-embed-bge-20260918T171922Z-03b35d44,s10-persistence-local-bge-m3-20260918T184127Z-8281a4d8
pb-olmo3-7b-rlvr__W4096__T0p3__noise__s1,noise,True,False,0.75,,rlvr-nf4,local-bge-m3,s10-paperb-olmo-rlvr-nf4-20260918T022536Z-30b5b3fc,s10-embed-paperb-olmo-embed-bge-20260918T172025Z-ed8ca4aa,s10-persistence-local-bge-m3-20260918T184158Z-43802c37
pb-olmo3-7b-rlvr__W4096__T0p3__noise__s2,noise,True,False,0.75,,rlvr-nf4,local-bge-m3,s10-paperb-olmo-rlvr-nf4-20260918T022536Z-30b5b3fc,s10-embed-paperb-olmo-embed-bge-20260918T172025Z-ed8ca4aa,s10-persistence-local-bge-m3-20260918T184158Z-43802c37
pb-olmo3-7b-rlvr__W4096__T0p3__noise__s3,noise,True,False,0.75,,rlvr-nf4,local-bge-m3,s10-paperb-olmo-rlvr-nf4-20260918T022536Z-30b5b3fc,s10-embed-paperb-olmo-embed-bge-20260918T172025Z-ed8ca4aa,s10-persistence-local-bge-m3-20260918T184158Z-43802c37
pb-olmo3-7b-rlvr__W4096__T0p3__noise__s4,noise,True,False,0.75,,rlvr-nf4,local-bge-m3,s10-paperb-olmo-rlvr-nf4-20260918T022536Z-30b5b3fc,s10-embed-paperb-olmo-embed-bge-20260918T172025Z-ed8ca4aa,s10-persistence-local-bge-m3-20260918T184158Z-43802c37
pb-olmo3-7b-rlvr__W4096__T0p3__recipe__s3,recipe,True,False,1.5,,rlvr-nf4,local-bge-m3,s10-paperb-olmo-rlvr-nf4-20260918T022536Z-30b5b3fc,s10-embed-paperb-olmo-embed-bge-20260918T172025Z-ed8ca4aa,s10-persistence-local-bge-m3-20260918T184158Z-43802c37
pb-olmo3-7b-base-int8__W4096__T0p3__biology__s2,biology,True,False,0.75,,base-int8,local-bge-m3,s10-paperb-olmo-base-int8-20260918T050048Z-2b2cdfd8,s10-embed-paperb-olmo-embed-bge-20260918T172130Z-eee8a5ee,s10-persistence-local-bge-m3-20260918T184229Z-6401324e
pb-olmo3-7b-base-int8__W4096__T0p3__love__s1,love,True,False,0.75,,base-int8,local-bge-m3,s10-paperb-olmo-base-int8-20260918T050048Z-2b2cdfd8,s10-embed-paperb-olmo-embed-bge-20260918T172130Z-eee8a5ee,s10-persistence-local-bge-m3-20260918T184229Z-6401324e
pb-olmo3-7b-base-int8__W4096__T0p3__love__s2,love,True,False,0.75,,base-int8,local-bge-m3,s10-paperb-olmo-base-int8-20260918T050048Z-2b2cdfd8,s10-embed-paperb-olmo-embed-bge-20260918T172130Z-eee8a5ee,s10-persistence-local-bge-m3-20260918T184229Z-6401324e
pb-olmo3-7b-base-int8__W4096__T0p3__physics__s1,physics,True,False,0.75,,base-int8,local-bge-m3,s10-paperb-olmo-base-int8-20260918T050048Z-2b2cdfd8,s10-embed-paperb-olmo-embed-bge-20260918T172130Z-eee8a5ee,s10-persistence-local-bge-m3-20260918T184229Z-6401324e
pb-olmo3-7b-base-int8__W4096__T0p3__surreal__s1,surreal,True,False,0.75,,base-int8,local-bge-m3,s10-paperb-olmo-base-int8-20260918T050048Z-2b2cdfd8,s10-embed-paperb-olmo-embed-bge-20260918T172130Z-eee8a5ee,s10-persistence-local-bge-m3-20260918T184229Z-6401324e
pb-olmo3-7b-base-int8__W4096__T0p3__surreal__s2,surreal,True,False,0.75,,base-int8,local-bge-m3,s10-paperb-olmo-base-int8-20260918T050048Z-2b2cdfd8,s10-embed-paperb-olmo-embed-bge-20260918T172130Z-eee8a5ee,s10-persistence-local-bge-m3-20260918T184229Z-6401324e
pb-olmo3-7b-base__W4096__T0p3__biology__s2,biology,True,False,0.75,,base-nf4,qwen3-embed-8b,s10-paperb-olmo-base-nf4-20260916T204957Z-6d7b4be3,s10-embed-paperb-olmo-embed-qwen-hosted-20260918T181024Z-56bec26e,s10-persistence-qwen3-embed-8b-20260918T184328Z-1b7980c4
pb-olmo3-7b-base__W4096__T0p3__finance__s2,finance,True,False,0.75,,base-nf4,qwen3-embed-8b,s10-paperb-olmo-base-nf4-20260916T204957Z-6d7b4be3,s10-embed-paperb-olmo-embed-qwen-hosted-20260918T181024Z-56bec26e,s10-persistence-qwen3-embed-8b-20260918T184328Z-1b7980c4
pb-olmo3-7b-base__W4096__T0p3__finance__s3,finance,True,False,0.75,,base-nf4,qwen3-embed-8b,s10-paperb-olmo-base-nf4-20260916T204957Z-6d7b4be3,s10-embed-paperb-olmo-embed-qwen-hosted-20260918T181024Z-56bec26e,s10-persistence-qwen3-embed-8b-20260918T184328Z-1b7980c4
pb-olmo3-7b-base__W4096__T0p3__finance__s4,finance,True,False,0.75,,base-nf4,qwen3-embed-8b,s10-paperb-olmo-base-nf4-20260916T204957Z-6d7b4be3,s10-embed-paperb-olmo-embed-qwen-hosted-20260918T181024Z-56bec26e,s10-persistence-qwen3-embed-8b-20260918T184328Z-1b7980c4
pb-olmo3-7b-base__W4096__T0p3__love__s1,love,True,False,0.75,,base-nf4,qwen3-embed-8b,s10-paperb-olmo-base-nf4-20260916T204957Z-6d7b4be3,s10-embed-paperb-olmo-embed-qwen-hosted-20260918T181024Z-56bec26e,s10-persistence-qwen3-embed-8b-20260918T184328Z-1b7980c4
pb-olmo3-7b-base__W4096__T0p3__love__s2,love,True,False,0.75,,base-nf4,qwen3-embed-8b,s10-paperb-olmo-base-nf4-20260916T204957Z-6d7b4be3,s10-embed-paperb-olmo-embed-qwen-hosted-20260918T181024Z-56bec26e,s10-persistence-qwen3-embed-8b-20260918T184328Z-1b7980c4
pb-olmo3-7b-base__W4096__T0p3__love__s3,love,True,False,0.75,,base-nf4,qwen3-embed-8b,s10-paperb-olmo-base-nf4-20260916T204957Z-6d7b4be3,s10-embed-paperb-olmo-embed-qwen-hosted-20260918T181024Z-56bec26e,s10-persistence-qwen3-embed-8b-20260918T184328Z-1b7980c4
pb-olmo3-7b-base__W4096__T0p3__love__s4,love,True,False,0.75,,base-nf4,qwen3-embed-8b,s10-paperb-olmo-base-nf4-20260916T204957Z-6d7b4be3,s10-embed-paperb-olmo-embed-qwen-hosted-20260918T181024Z-56bec26e,s10-persistence-qwen3-embed-8b-20260918T184328Z-1b7980c4
pb-olmo3-7b-base__W4096__T0p3__noise__s1,noise,True,False,0.75,,base-nf4,qwen3-embed-8b,s10-paperb-olmo-base-nf4-20260916T204957Z-6d7b4be3,s10-embed-paperb-olmo-embed-qwen-hosted-20260918T181024Z-56bec26e,s10-persistence-qwen3-embed-8b-20260918T184328Z-1b7980c4
pb-olmo3-7b-base__W4096__T0p3__noise__s2,noise,True,False,0.75,,base-nf4,qwen3-embed-8b,s10-paperb-olmo-base-nf4-20260916T204957Z-6d7b4be3,s10-embed-paperb-olmo-embed-qwen-hosted-20260918T181024Z-56bec26e,s10-persistence-qwen3-embed-8b-20260918T184328Z-1b7980c4
pb-olmo3-7b-base__W4096__T0p3__noise__s3,noise,True,False,0.75,,base-nf4,qwen3-embed-8b,s10-paperb-olmo-base-nf4-20260916T204957Z-6d7b4be3,s10-embed-paperb-olmo-embed-qwen-hosted-20260918T181024Z-56bec26e,s10-persistence-qwen3-embed-8b-20260918T184328Z-1b7980c4
pb-olmo3-7b-base__W4096__T0p3__noise__s4,noise,True,False,0.75,,base-nf4,qwen3-embed-8b,s10-paperb-olmo-base-nf4-20260916T204957Z-6d7b4be3,s10-embed-paperb-olmo-embed-qwen-hosted-20260918T181024Z-56bec26e,s10-persistence-qwen3-embed-8b-20260918T184328Z-1b7980c4
pb-olmo3-7b-base__W4096__T0p3__philosophy__s1,philosophy,True,False,0.75,,base-nf4,qwen3-embed-8b,s10-paperb-olmo-base-nf4-20260916T204957Z-6d7b4be3,s10-embed-paperb-olmo-embed-qwen-hosted-20260918T181024Z-56bec26e,s10-persistence-qwen3-embed-8b-20260918T184328Z-1b7980c4
pb-olmo3-7b-base__W4096__T0p3__philosophy__s2,philosophy,True,False,0.75,,base-nf4,qwen3-embed-8b,s10-paperb-olmo-base-nf4-20260916T204957Z-6d7b4be3,s10-embed-paperb-olmo-embed-qwen-hosted-20260918T181024Z-56bec26e,s10-persistence-qwen3-embed-8b-20260918T184328Z-1b7980c4
pb-olmo3-7b-base__W4096__T0p3__philosophy__s4,philosophy,True,False,0.75,,base-nf4,qwen3-embed-8b,s10-paperb-olmo-base-nf4-20260916T204957Z-6d7b4be3,s10-embed-paperb-olmo-embed-qwen-hosted-20260918T181024Z-56bec26e,s10-persistence-qwen3-embed-8b-20260918T184328Z-1b7980c4
pb-olmo3-7b-base__W4096__T0p3__physics__s1,physics,True,False,0.75,,base-nf4,qwen3-embed-8b,s10-paperb-olmo-base-nf4-20260916T204957Z-6d7b4be3,s10-embed-paperb-olmo-embed-qwen-hosted-20260918T181024Z-56bec26e,s10-persistence-qwen3-embed-8b-20260918T184328Z-1b7980c4
pb-olmo3-7b-base__W4096__T0p3__programming__s1,programming,True,False,0.75,,base-nf4,qwen3-embed-8b,s10-paperb-olmo-base-nf4-20260916T204957Z-6d7b4be3,s10-embed-paperb-olmo-embed-qwen-hosted-20260918T181024Z-56bec26e,s10-persistence-qwen3-embed-8b-20260918T184328Z-1b7980c4
pb-olmo3-7b-base__W4096__T0p3__programming__s4,programming,True,False,0.75,,base-nf4,qwen3-embed-8b,s10-paperb-olmo-base-nf4-20260916T204957Z-6d7b4be3,s10-embed-paperb-olmo-embed-qwen-hosted-20260918T181024Z-56bec26e,s10-persistence-qwen3-embed-8b-20260918T184328Z-1b7980c4
pb-olmo3-7b-base__W4096__T0p3__recipe__s3,recipe,True,False,0.75,,base-nf4,qwen3-embed-8b,s10-paperb-olmo-base-nf4-20260916T204957Z-6d7b4be3,s10-embed-paperb-olmo-embed-qwen-hosted-20260918T181024Z-56bec26e,s10-persistence-qwen3-embed-8b-20260918T184328Z-1b7980c4
pb-olmo3-7b-base__W4096__T0p3__surreal__s1,surreal,True,False,0.75,,base-nf4,qwen3-embed-8b,s10-paperb-olmo-base-nf4-20260916T204957Z-6d7b4be3,s10-embed-paperb-olmo-embed-qwen-hosted-20260918T181024Z-56bec26e,s10-persistence-qwen3-embed-8b-20260918T184328Z-1b7980c4
pb-olmo3-7b-base__W4096__T0p3__surreal__s2,surreal,True,False,0.75,,base-nf4,qwen3-embed-8b,s10-paperb-olmo-base-nf4-20260916T204957Z-6d7b4be3,s10-embed-paperb-olmo-embed-qwen-hosted-20260918T181024Z-56bec26e,s10-persistence-qwen3-embed-8b-20260918T184328Z-1b7980c4
pb-olmo3-7b-base__W4096__T0p3__surreal__s3,surreal,True,False,0.75,,base-nf4,qwen3-embed-8b,s10-paperb-olmo-base-nf4-20260916T204957Z-6d7b4be3,s10-embed-paperb-olmo-embed-qwen-hosted-20260918T181024Z-56bec26e,s10-persistence-qwen3-embed-8b-20260918T184328Z-1b7980c4
pb-olmo3-7b-base__W4096__T0p3__surreal__s4,surreal,True,False,0.75,,base-nf4,qwen3-embed-8b,s10-paperb-olmo-base-nf4-20260916T204957Z-6d7b4be3,s10-embed-paperb-olmo-embed-qwen-hosted-20260918T181024Z-56bec26e,s10-persistence-qwen3-embed-8b-20260918T184328Z-1b7980c4
pb-olmo3-7b-base__W4096__T0p3__war__s1,war,True,False,0.75,,base-nf4,qwen3-embed-8b,s10-paperb-olmo-base-nf4-20260916T204957Z-6d7b4be3,s10-embed-paperb-olmo-embed-qwen-hosted-20260918T181024Z-56bec26e,s10-persistence-qwen3-embed-8b-20260918T184328Z-1b7980c4
pb-olmo3-7b-base__W4096__T0p3__war__s2,war,True,False,0.75,,base-nf4,qwen3-embed-8b,s10-paperb-olmo-base-nf4-20260916T204957Z-6d7b4be3,s10-embed-paperb-olmo-embed-qwen-hosted-20260918T181024Z-56bec26e,s10-persistence-qwen3-embed-8b-20260918T184328Z-1b7980c4
pb-olmo3-7b-base__W4096__T0p3__war__s3,war,True,False,0.75,,base-nf4,qwen3-embed-8b,s10-paperb-olmo-base-nf4-20260916T204957Z-6d7b4be3,s10-embed-paperb-olmo-embed-qwen-hosted-20260918T181024Z-56bec26e,s10-persistence-qwen3-embed-8b-20260918T184328Z-1b7980c4
pb-olmo3-7b-base__W4096__T0p3__war__s4,war,True,False,0.75,,base-nf4,qwen3-embed-8b,s10-paperb-olmo-base-nf4-20260916T204957Z-6d7b4be3,s10-embed-paperb-olmo-embed-qwen-hosted-20260918T181024Z-56bec26e,s10-persistence-qwen3-embed-8b-20260918T184328Z-1b7980c4
pb-olmo3-7b-sft__W4096__T0p3__finance__s1,finance,True,False,0.75,,sft-nf4,qwen3-embed-8b,s10-paperb-olmo-sft-nf4-20260917T142201Z-2b7b5b6e,s10-embed-paperb-olmo-embed-qwen-hosted-20260918T182234Z-aedcf345,s10-persistence-qwen3-embed-8b-20260918T185049Z-b74539c2
pb-olmo3-7b-sft__W4096__T0p3__finance__s3,finance,True,False,0.75,,sft-nf4,qwen3-embed-8b,s10-paperb-olmo-sft-nf4-20260917T142201Z-2b7b5b6e,s10-embed-paperb-olmo-embed-qwen-hosted-20260918T182234Z-aedcf345,s10-persistence-qwen3-embed-8b-20260918T185049Z-b74539c2
pb-olmo3-7b-sft__W4096__T0p3__love__s1,love,True,False,0.75,,sft-nf4,qwen3-embed-8b,s10-paperb-olmo-sft-nf4-20260917T142201Z-2b7b5b6e,s10-embed-paperb-olmo-embed-qwen-hosted-20260918T182234Z-aedcf345,s10-persistence-qwen3-embed-8b-20260918T185049Z-b74539c2
pb-olmo3-7b-sft__W4096__T0p3__love__s2,love,True,False,0.75,,sft-nf4,qwen3-embed-8b,s10-paperb-olmo-sft-nf4-20260917T142201Z-2b7b5b6e,s10-embed-paperb-olmo-embed-qwen-hosted-20260918T182234Z-aedcf345,s10-persistence-qwen3-embed-8b-20260918T185049Z-b74539c2
pb-olmo3-7b-sft__W4096__T0p3__love__s3,love,True,False,0.75,,sft-nf4,qwen3-embed-8b,s10-paperb-olmo-sft-nf4-20260917T142201Z-2b7b5b6e,s10-embed-paperb-olmo-embed-qwen-hosted-20260918T182234Z-aedcf345,s10-persistence-qwen3-embed-8b-20260918T185049Z-b74539c2
pb-olmo3-7b-sft__W4096__T0p3__love__s4,love,True,False,0.75,,sft-nf4,qwen3-embed-8b,s10-paperb-olmo-sft-nf4-20260917T142201Z-2b7b5b6e,s10-embed-paperb-olmo-embed-qwen-hosted-20260918T182234Z-aedcf345,s10-persistence-qwen3-embed-8b-20260918T185049Z-b74539c2
pb-olmo3-7b-sft__W4096__T0p3__noise__s1,noise,True,False,0.75,,sft-nf4,qwen3-embed-8b,s10-paperb-olmo-sft-nf4-20260917T142201Z-2b7b5b6e,s10-embed-paperb-olmo-embed-qwen-hosted-20260918T182234Z-aedcf345,s10-persistence-qwen3-embed-8b-20260918T185049Z-b74539c2
pb-olmo3-7b-sft__W4096__T0p3__noise__s2,noise,True,False,0.75,,sft-nf4,qwen3-embed-8b,s10-paperb-olmo-sft-nf4-20260917T142201Z-2b7b5b6e,s10-embed-paperb-olmo-embed-qwen-hosted-20260918T182234Z-aedcf345,s10-persistence-qwen3-embed-8b-20260918T185049Z-b74539c2
pb-olmo3-7b-sft__W4096__T0p3__noise__s3,noise,True,False,0.75,,sft-nf4,qwen3-embed-8b,s10-paperb-olmo-sft-nf4-20260917T142201Z-2b7b5b6e,s10-embed-paperb-olmo-embed-qwen-hosted-20260918T182234Z-aedcf345,s10-persistence-qwen3-embed-8b-20260918T185049Z-b74539c2
pb-olmo3-7b-sft__W4096__T0p3__noise__s4,noise,True,False,0.75,,sft-nf4,qwen3-embed-8b,s10-paperb-olmo-sft-nf4-20260917T142201Z-2b7b5b6e,s10-embed-paperb-olmo-embed-qwen-hosted-20260918T182234Z-aedcf345,s10-persistence-qwen3-embed-8b-20260918T185049Z-b74539c2
pb-olmo3-7b-sft__W4096__T0p3__physics__s4,physics,True,False,0.75,,sft-nf4,qwen3-embed-8b,s10-paperb-olmo-sft-nf4-20260917T142201Z-2b7b5b6e,s10-embed-paperb-olmo-embed-qwen-hosted-20260918T182234Z-aedcf345,s10-persistence-qwen3-embed-8b-20260918T185049Z-b74539c2
pb-olmo3-7b-sft__W4096__T0p3__recipe__s1,recipe,True,False,0.75,,sft-nf4,qwen3-embed-8b,s10-paperb-olmo-sft-nf4-20260917T142201Z-2b7b5b6e,s10-embed-paperb-olmo-embed-qwen-hosted-20260918T182234Z-aedcf345,s10-persistence-qwen3-embed-8b-20260918T185049Z-b74539c2
pb-olmo3-7b-sft__W4096__T0p3__recipe__s2,recipe,True,False,0.75,,sft-nf4,qwen3-embed-8b,s10-paperb-olmo-sft-nf4-20260917T142201Z-2b7b5b6e,s10-embed-paperb-olmo-embed-qwen-hosted-20260918T182234Z-aedcf345,s10-persistence-qwen3-embed-8b-20260918T185049Z-b74539c2
pb-olmo3-7b-sft__W4096__T0p3__recipe__s4,recipe,True,False,0.75,,sft-nf4,qwen3-embed-8b,s10-paperb-olmo-sft-nf4-20260917T142201Z-2b7b5b6e,s10-embed-paperb-olmo-embed-qwen-hosted-20260918T182234Z-aedcf345,s10-persistence-qwen3-embed-8b-20260918T185049Z-b74539c2
pb-olmo3-7b-sft__W4096__T0p3__surreal__s1,surreal,True,False,0.75,,sft-nf4,qwen3-embed-8b,s10-paperb-olmo-sft-nf4-20260917T142201Z-2b7b5b6e,s10-embed-paperb-olmo-embed-qwen-hosted-20260918T182234Z-aedcf345,s10-persistence-qwen3-embed-8b-20260918T185049Z-b74539c2
pb-olmo3-7b-sft__W4096__T0p3__surreal__s2,surreal,True,False,0.75,,sft-nf4,qwen3-embed-8b,s10-paperb-olmo-sft-nf4-20260917T142201Z-2b7b5b6e,s10-embed-paperb-olmo-embed-qwen-hosted-20260918T182234Z-aedcf345,s10-persistence-qwen3-embed-8b-20260918T185049Z-b74539c2
pb-olmo3-7b-sft__W4096__T0p3__surreal__s3,surreal,True,False,0.75,,sft-nf4,qwen3-embed-8b,s10-paperb-olmo-sft-nf4-20260917T142201Z-2b7b5b6e,s10-embed-paperb-olmo-embed-qwen-hosted-20260918T182234Z-aedcf345,s10-persistence-qwen3-embed-8b-20260918T185049Z-b74539c2
pb-olmo3-7b-sft__W4096__T0p3__surreal__s4,surreal,True,False,0.75,,sft-nf4,qwen3-embed-8b,s10-paperb-olmo-sft-nf4-20260917T142201Z-2b7b5b6e,s10-embed-paperb-olmo-embed-qwen-hosted-20260918T182234Z-aedcf345,s10-persistence-qwen3-embed-8b-20260918T185049Z-b74539c2
pb-olmo3-7b-sft__W4096__T0p3__war__s3,war,True,False,0.75,,sft-nf4,qwen3-embed-8b,s10-paperb-olmo-sft-nf4-20260917T142201Z-2b7b5b6e,s10-embed-paperb-olmo-embed-qwen-hosted-20260918T182234Z-aedcf345,s10-persistence-qwen3-embed-8b-20260918T185049Z-b74539c2
pb-olmo3-7b-sft__W4096__T0p3__war__s4,war,True,False,0.75,,sft-nf4,qwen3-embed-8b,s10-paperb-olmo-sft-nf4-20260917T142201Z-2b7b5b6e,s10-embed-paperb-olmo-embed-qwen-hosted-20260918T182234Z-aedcf345,s10-persistence-qwen3-embed-8b-20260918T185049Z-b74539c2
pb-olmo3-7b-dpo__W4096__T0p3__finance__s1,finance,True,False,0.75,,dpo-nf4,qwen3-embed-8b,s10-paperb-olmo-dpo-nf4-20260918T000412Z-64ad9f9f,s10-embed-paperb-olmo-embed-qwen-hosted-20260918T182942Z-87dc4d2f,s10-persistence-qwen3-embed-8b-20260918T185457Z-fb071b6d
pb-olmo3-7b-dpo__W4096__T0p3__love__s3,love,True,False,0.75,,dpo-nf4,qwen3-embed-8b,s10-paperb-olmo-dpo-nf4-20260918T000412Z-64ad9f9f,s10-embed-paperb-olmo-embed-qwen-hosted-20260918T182942Z-87dc4d2f,s10-persistence-qwen3-embed-8b-20260918T185457Z-fb071b6d
pb-olmo3-7b-dpo__W4096__T0p3__noise__s2,noise,True,False,0.75,,dpo-nf4,qwen3-embed-8b,s10-paperb-olmo-dpo-nf4-20260918T000412Z-64ad9f9f,s10-embed-paperb-olmo-embed-qwen-hosted-20260918T182942Z-87dc4d2f,s10-persistence-qwen3-embed-8b-20260918T185457Z-fb071b6d
pb-olmo3-7b-dpo__W4096__T0p3__noise__s3,noise,True,False,0.75,,dpo-nf4,qwen3-embed-8b,s10-paperb-olmo-dpo-nf4-20260918T000412Z-64ad9f9f,s10-embed-paperb-olmo-embed-qwen-hosted-20260918T182942Z-87dc4d2f,s10-persistence-qwen3-embed-8b-20260918T185457Z-fb071b6d
pb-olmo3-7b-dpo__W4096__T0p3__noise__s4,noise,True,False,0.75,,dpo-nf4,qwen3-embed-8b,s10-paperb-olmo-dpo-nf4-20260918T000412Z-64ad9f9f,s10-embed-paperb-olmo-embed-qwen-hosted-20260918T182942Z-87dc4d2f,s10-persistence-qwen3-embed-8b-20260918T185457Z-fb071b6d
pb-olmo3-7b-rlvr__W4096__T0p3__noise__s1,noise,True,False,0.75,,rlvr-nf4,qwen3-embed-8b,s10-paperb-olmo-rlvr-nf4-20260918T022536Z-30b5b3fc,s10-embed-paperb-olmo-embed-qwen-hosted-20260918T183129Z-b55ba55e,s10-persistence-qwen3-embed-8b-20260918T185534Z-397f0bda
pb-olmo3-7b-rlvr__W4096__T0p3__noise__s2,noise,True,False,0.75,,rlvr-nf4,qwen3-embed-8b,s10-paperb-olmo-rlvr-nf4-20260918T022536Z-30b5b3fc,s10-embed-paperb-olmo-embed-qwen-hosted-20260918T183129Z-b55ba55e,s10-persistence-qwen3-embed-8b-20260918T185534Z-397f0bda
pb-olmo3-7b-rlvr__W4096__T0p3__noise__s3,noise,True,False,0.75,,rlvr-nf4,qwen3-embed-8b,s10-paperb-olmo-rlvr-nf4-20260918T022536Z-30b5b3fc,s10-embed-paperb-olmo-embed-qwen-hosted-20260918T183129Z-b55ba55e,s10-persistence-qwen3-embed-8b-20260918T185534Z-397f0bda
pb-olmo3-7b-rlvr__W4096__T0p3__noise__s4,noise,True,False,0.75,,rlvr-nf4,qwen3-embed-8b,s10-paperb-olmo-rlvr-nf4-20260918T022536Z-30b5b3fc,s10-embed-paperb-olmo-embed-qwen-hosted-20260918T183129Z-b55ba55e,s10-persistence-qwen3-embed-8b-20260918T185534Z-397f0bda
pb-olmo3-7b-rlvr__W4096__T0p3__recipe__s3,recipe,True,False,1.5,,rlvr-nf4,qwen3-embed-8b,s10-paperb-olmo-rlvr-nf4-20260918T022536Z-30b5b3fc,s10-embed-paperb-olmo-embed-qwen-hosted-20260918T183129Z-b55ba55e,s10-persistence-qwen3-embed-8b-20260918T185534Z-397f0bda
pb-olmo3-7b-base-int8__W4096__T0p3__biology__s2,biology,True,False,0.75,,base-int8,qwen3-embed-8b,s10-paperb-olmo-base-int8-20260918T050048Z-2b2cdfd8,s10-embed-paperb-olmo-embed-qwen-hosted-20260918T183341Z-e5b64bcf,s10-persistence-qwen3-embed-8b-20260918T185612Z-4005131e
pb-olmo3-7b-base-int8__W4096__T0p3__love__s1,love,True,False,0.75,,base-int8,qwen3-embed-8b,s10-paperb-olmo-base-int8-20260918T050048Z-2b2cdfd8,s10-embed-paperb-olmo-embed-qwen-hosted-20260918T183341Z-e5b64bcf,s10-persistence-qwen3-embed-8b-20260918T185612Z-4005131e
pb-olmo3-7b-base-int8__W4096__T0p3__love__s2,love,True,False,0.75,,base-int8,qwen3-embed-8b,s10-paperb-olmo-base-int8-20260918T050048Z-2b2cdfd8,s10-embed-paperb-olmo-embed-qwen-hosted-20260918T183341Z-e5b64bcf,s10-persistence-qwen3-embed-8b-20260918T185612Z-4005131e
pb-olmo3-7b-base-int8__W4096__T0p3__physics__s1,physics,True,False,0.75,,base-int8,qwen3-embed-8b,s10-paperb-olmo-base-int8-20260918T050048Z-2b2cdfd8,s10-embed-paperb-olmo-embed-qwen-hosted-20260918T183341Z-e5b64bcf,s10-persistence-qwen3-embed-8b-20260918T185612Z-4005131e
pb-olmo3-7b-base-int8__W4096__T0p3__surreal__s1,surreal,True,False,0.75,,base-int8,qwen3-embed-8b,s10-paperb-olmo-base-int8-20260918T050048Z-2b2cdfd8,s10-embed-paperb-olmo-embed-qwen-hosted-20260918T183341Z-e5b64bcf,s10-persistence-qwen3-embed-8b-20260918T185612Z-4005131e
pb-olmo3-7b-base-int8__W4096__T0p3__surreal__s2,surreal,True,False,0.75,,base-int8,qwen3-embed-8b,s10-paperb-olmo-base-int8-20260918T050048Z-2b2cdfd8,s10-embed-paperb-olmo-embed-qwen-hosted-20260918T183341Z-e5b64bcf,s10-persistence-qwen3-embed-8b-20260918T185612Z-4005131e
