cell,seed_id,n_traj,n_lock,n_escape,has_lock
base-int8,biology,1,1,0,True
base-int8,love,2,2,0,True
base-int8,physics,1,1,0,True
base-int8,surreal,2,2,0,True
base-nf4,biology,1,1,0,True
base-nf4,finance,3,3,0,True
base-nf4,love,4,4,0,True
base-nf4,noise,4,4,0,True
base-nf4,philosophy,3,3,0,True
base-nf4,physics,1,1,0,True
base-nf4,programming,2,2,0,True
base-nf4,recipe,1,1,0,True
base-nf4,surreal,4,4,0,True
base-nf4,war,4,4,0,True
dpo-nf4,finance,1,1,0,True
dpo-nf4,love,1,1,0,True
dpo-nf4,noise,3,3,0,True
rlvr-nf4,noise,4,4,0,True
rlvr-nf4,recipe,1,1,0,True
sft-nf4,finance,2,2,0,True
sft-nf4,love,4,4,0,True
sft-nf4,noise,4,4,0,True
sft-nf4,physics,1,1,0,True
sft-nf4,recipe,3,3,0,True
sft-nf4,surreal,4,4,0,True
sft-nf4,war,2,2,0,True
