cell,rung,quant,embedding,last_band_G,G_lo,G_hi,sign,identified,ci_excludes_0,n_within_pairs,n_between_pairs,n_traj_lock_table,n_confirmed_lock,n_confirmed_escape,lock_rate,generate_run_id,embed_run_id,persistence_run_id
base-int8,base,int8,local-bge-m3,0.098232,-0.227147,0.219776,+,True,False,2,8,6,6,0,1,s10-paperb-olmo-base-int8-20260918T050048Z-2b2cdfd8,s10-embed-paperb-olmo-embed-bge-20260918T172130Z-eee8a5ee,s10-persistence-local-bge-m3-20260918T184229Z-6401324e
base-nf4,base,nf4,local-bge-m3,0.0943909,0.0287692,0.107647,+,True,True,31,320,27,27,0,1,s10-paperb-olmo-base-nf4-20260916T204957Z-6d7b4be3,s10-embed-paperb-olmo-embed-bge-20260918T171617Z-a3bbf373,s10-persistence-local-bge-m3-20260918T183606Z-ae5ce920
dpo-nf4,dpo,nf4,local-bge-m3,,-0.0742006,-0.0742006,unidentified,False,False,3,0,5,5,0,1,s10-paperb-olmo-dpo-nf4-20260918T000412Z-64ad9f9f,s10-embed-paperb-olmo-embed-bge-20260918T171922Z-03b35d44,s10-persistence-local-bge-m3-20260918T184127Z-8281a4d8
rlvr-nf4,rlvr,nf4,local-bge-m3,0.201503,-0.134183,0.201503,+,True,False,3,3,5,5,0,1,s10-paperb-olmo-rlvr-nf4-20260918T022536Z-30b5b3fc,s10-embed-paperb-olmo-embed-bge-20260918T172025Z-ed8ca4aa,s10-persistence-local-bge-m3-20260918T184158Z-43802c37
sft-nf4,sft,nf4,local-bge-m3,0.10178,-0.0069993,0.121757,+,True,False,20,151,20,20,0,1,s10-paperb-olmo-sft-nf4-20260917T142201Z-2b7b5b6e,s10-embed-paperb-olmo-embed-bge-20260918T171759Z-8f891ae6,s10-persistence-local-bge-m3-20260918T183928Z-a488eb25
base-int8,base,int8,qwen3-embed-8b,0.144475,-0.294281,0.327727,+,True,False,2,8,6,6,0,1,s10-paperb-olmo-base-int8-20260918T050048Z-2b2cdfd8,s10-embed-paperb-olmo-embed-qwen-hosted-20260918T183341Z-e5b64bcf,s10-persistence-qwen3-embed-8b-20260918T185612Z-4005131e
base-nf4,base,nf4,qwen3-embed-8b,0.189111,0.0861319,0.221421,+,True,True,31,320,27,27,0,1,s10-paperb-olmo-base-nf4-20260916T204957Z-6d7b4be3,s10-embed-paperb-olmo-embed-qwen-hosted-20260918T181024Z-56bec26e,s10-persistence-qwen3-embed-8b-20260918T184328Z-1b7980c4
dpo-nf4,dpo,nf4,qwen3-embed-8b,,-0.130936,-0.130936,unidentified,False,False,3,0,5,5,0,1,s10-paperb-olmo-dpo-nf4-20260918T000412Z-64ad9f9f,s10-embed-paperb-olmo-embed-qwen-hosted-20260918T182942Z-87dc4d2f,s10-persistence-qwen3-embed-8b-20260918T185457Z-fb071b6d
rlvr-nf4,rlvr,nf4,qwen3-embed-8b,0.334629,-0.147232,0.334629,+,True,False,3,3,5,5,0,1,s10-paperb-olmo-rlvr-nf4-20260918T022536Z-30b5b3fc,s10-embed-paperb-olmo-embed-qwen-hosted-20260918T183129Z-b55ba55e,s10-persistence-qwen3-embed-8b-20260918T185534Z-397f0bda
sft-nf4,sft,nf4,qwen3-embed-8b,0.1757,0.0342047,0.205525,+,True,True,20,151,20,20,0,1,s10-paperb-olmo-sft-nf4-20260917T142201Z-2b7b5b6e,s10-embed-paperb-olmo-embed-qwen-hosted-20260918T182234Z-aedcf345,s10-persistence-qwen3-embed-8b-20260918T185049Z-b74539c2
