trajectory_id,degenerate,n_chunks,n_chunks_post_horizon,looping_fraction,unproductive_fraction,mean_novel_shingle_fraction,min_novel_shingle_fraction,late_pairwise_similarity_median,late_pairwise_similarity_max,mean_ngram_repetition,max_ngram_repetition,mean_type_token_ratio,mean_entropy_bits,mean_compression_ratio,entropy_trend_per_turnover,at_fixed_point,degeneracy_mode,generator,W,temperature,semantic_seed,stochastic_seed,source,generation_run_id
or-qwen3-8b__W4096__T0p3__physics__s1,True,47,43,0.418605,0.930233,0.119517,0,0.626105,1,0.0872532,0.200622,0.45658,7.43426,0.429889,-0.0158497,1,2,or-qwen3-8b,4096,0.3,physics,1,s2.2,s2-mechanism-20260901T071519Z-dfbb173a
or-qwen3-8b__W4096__T0p3__physics__s2,True,48,44,1,1,0.116997,0,0.909732,1,0.248789,0.653789,0.341059,7.02705,0.344209,0.0144321,1,3,or-qwen3-8b,4096,0.3,physics,2,s2.2,s2-mechanism-20260901T071519Z-dfbb173a
or-qwen3-8b__W4096__T0p3__surreal__s1,True,48,44,0.931818,0.977273,0.05808,0,1,1,0.16885,0.405694,0.328547,7.00886,0.38033,-0.00183561,1,3,or-qwen3-8b,4096,0.3,surreal,1,s2.2,s2-mechanism-20260901T071519Z-dfbb173a
or-qwen3-8b__W4096__T0p3__surreal__s2,True,48,44,0.818182,0.977273,0.155325,0,1,1,0.318832,0.669022,0.338301,7.19633,0.329723,0.012505,1,3,or-qwen3-8b,4096,0.3,surreal,2,s2.2,s2-mechanism-20260901T071519Z-dfbb173a
or-qwen3-8b__W4096__T0p7__physics__s1,True,47,43,0.0465116,0.976744,0.149304,0,0.750566,0.979695,0.0464721,0.212428,0.518256,7.57633,0.451168,0.0169499,1,2,or-qwen3-8b,4096,0.7,physics,1,s4.1,s4-w4096-new-temps-20260904T103121Z-589c8eb1
or-qwen3-8b__W4096__T0p7__physics__s2,True,47,43,0.674419,0.906977,0.212793,0,1,1,0.100933,0.178723,0.482598,7.51721,0.434907,-0.041485,1,3,or-qwen3-8b,4096,0.7,physics,2,s4.1,s4-w4096-new-temps-20260904T103121Z-589c8eb1
or-qwen3-8b__W4096__T0p7__surreal__s1,True,48,44,0.704545,0.954545,0.254384,0,0.106603,1,0.200195,0.511848,0.325669,7.02712,0.366588,-0.00278837,1,3,or-qwen3-8b,4096,0.7,surreal,1,s4.1,s4-w4096-new-temps-20260904T103121Z-589c8eb1
or-qwen3-8b__W4096__T0p7__surreal__s2,True,48,44,0.863636,0.931818,0.151098,0,0.280164,1,0.447199,0.663539,0.288502,7.03861,0.29113,-0.0593361,1,3,or-qwen3-8b,4096,0.7,surreal,2,s4.1,s4-w4096-new-temps-20260904T103121Z-589c8eb1
or-qwen3-8b__W4096__T1__physics__s1,True,48,44,0.181818,0.818182,0.447007,0.00168067,0.0172772,0.687023,0.0551742,0.270866,0.526361,7.734,0.471797,0.00269198,1,2,or-qwen3-8b,4096,1,physics,1,s2.2,s2-mechanism-20260901T071519Z-dfbb173a
or-qwen3-8b__W4096__T1__physics__s2,True,48,44,0.977273,0.977273,0.485761,0,0.121445,0.961538,0.542675,0.93314,0.235876,6.39265,0.227538,0.0196109,1,3,or-qwen3-8b,4096,1,physics,2,s2.2,s2-mechanism-20260901T071519Z-dfbb173a
or-qwen3-8b__W4096__T1__surreal__s1,True,48,44,0.659091,0.772727,0.675025,0.228464,0.0477038,0.422943,0.14733,0.358108,0.323531,6.96894,0.385549,-0.0703214,1,3,or-qwen3-8b,4096,1,surreal,1,s2.2,s2-mechanism-20260901T071519Z-dfbb173a
or-qwen3-8b__W4096__T1__surreal__s2,True,48,44,0.772727,0.727273,0.683042,0,0.0640241,1,0.20458,0.546717,0.31095,6.93851,0.362077,-0.0685262,1,3,or-qwen3-8b,4096,1,surreal,2,s2.2,s2-mechanism-20260901T071519Z-dfbb173a
or-qwen3-8b__W4096__T1p5__physics__s1,False,47,43,0.0930233,0.0465116,0.937626,0.0125,0.00948213,0.0495935,0.0307188,0.138047,0.499198,7.70002,0.467994,-0.0746822,0,0,or-qwen3-8b,4096,1.5,physics,1,s4.1,s4-w4096-new-temps-20260904T103121Z-589c8eb1
or-qwen3-8b__W4096__T1p5__physics__s2,False,48,44,0,0.0681818,0.952438,0.558984,0.000419111,0.270391,0.013791,0.0445633,0.610891,8.08421,0.479264,0.0270299,0,0,or-qwen3-8b,4096,1.5,physics,2,s4.1,s4-w4096-new-temps-20260904T103121Z-589c8eb1
or-qwen3-8b__W4096__T1p5__surreal__s1,False,48,44,0,0,0.974664,0.944075,0.000655093,0.0129702,0.022955,0.0625,0.401576,7.42998,0.464016,-0.0519581,0,0,or-qwen3-8b,4096,1.5,surreal,1,s4.1,s4-w4096-new-temps-20260904T103121Z-589c8eb1
or-qwen3-8b__W4096__T1p5__surreal__s2,False,48,44,0.0227273,0.0454545,0.933162,0.547445,0.00338989,0.0215779,0.0423645,0.107374,0.357744,7.23298,0.440873,-0.0406657,0,0,or-qwen3-8b,4096,1.5,surreal,2,s4.1,s4-w4096-new-temps-20260904T103121Z-589c8eb1
or-qwen3-8b__W8192__T0p3__physics__s1,True,95,87,0.885057,0.988506,0.0302506,0,1,1,0.117833,0.303716,0.495258,7.66014,0.444786,0.011103,1,3,or-qwen3-8b,8192,0.3,physics,1,s4.2,s4-w8192-20260904T120057Z-ce82ce55
or-qwen3-8b__W8192__T0p3__physics__s2,True,96,88,0.909091,1,0.0038115,0,1,1,0.122315,0.191582,0.42947,7.32797,0.409607,-0.00862582,1,3,or-qwen3-8b,8192,0.3,physics,2,s4.2,s4-w8192-20260904T120057Z-ce82ce55
or-qwen3-8b__W8192__T0p3__surreal__s1,True,96,88,0,1,0.0254211,0,1,1,0.058553,0.0708861,0.406973,7.22916,0.438695,-0.0211503,1,2,or-qwen3-8b,8192,0.3,surreal,1,s4.2,s4-w8192-20260904T120057Z-ce82ce55
or-qwen3-8b__W8192__T0p3__surreal__s2,True,96,88,0.988636,1,0.0163514,0,0.839806,1,0.194539,0.774044,0.364274,7.1226,0.378605,0.0255895,1,3,or-qwen3-8b,8192,0.3,surreal,2,s4.2,s4-w8192-20260904T120057Z-ce82ce55
or-qwen3-8b__W8192__T0p7__physics__s1,True,96,88,0.181818,1,0.0568417,0,0.664843,1,0.0770558,0.266886,0.477009,7.46009,0.443023,0.00249778,1,2,or-qwen3-8b,8192,0.7,physics,1,s4.2,s4-w8192-20260904T120057Z-ce82ce55
or-qwen3-8b__W8192__T0p7__physics__s2,True,96,88,0.659091,1,0.108008,0,0.755889,1,0.108703,0.562753,0.463336,7.39152,0.425517,0.0109537,1,3,or-qwen3-8b,8192,0.7,physics,2,s4.2,s4-w8192-20260904T120057Z-ce82ce55
or-qwen3-8b__W8192__T0p7__surreal__s1,True,96,88,0.988636,0.977273,0.0982074,0,0.557025,1,0.393107,0.530061,0.263385,6.93684,0.287512,-0.0028663,1,3,or-qwen3-8b,8192,0.7,surreal,1,s4.2,s4-w8192-20260904T120057Z-ce82ce55
or-qwen3-8b__W8192__T0p7__surreal__s2,True,95,87,0.793103,0.965517,0.19355,0,0.00780031,1,0.10864,0.320463,0.425278,7.412,0.446192,-0.00591552,0,1,or-qwen3-8b,8192,0.7,surreal,2,s4.2,s4-w8192-20260904T120057Z-ce82ce55
or-qwen3-8b__W8192__T1__physics__s1,True,96,88,0.0227273,1,0.140283,0,0.979695,1,0.0282052,0.168142,0.580835,7.96068,0.457443,0.00260593,1,2,or-qwen3-8b,8192,1,physics,1,s4.2,s4-w8192-20260904T120057Z-ce82ce55
or-qwen3-8b__W8192__T1__physics__s2,True,96,88,0.988636,1,0.104521,0,0.224806,1,0.715852,0.894928,0.171899,6.43536,0.151633,0.0218183,1,3,or-qwen3-8b,8192,1,physics,2,s4.2,s4-w8192-20260904T120057Z-ce82ce55
or-qwen3-8b__W8192__T1__surreal__s1,True,96,88,0.772727,0.943182,0.398557,0,0.216655,0.998624,0.135339,0.315385,0.358352,7.1721,0.403051,-0.0146865,1,3,or-qwen3-8b,8192,1,surreal,1,s4.2,s4-w8192-20260904T120057Z-ce82ce55
or-qwen3-8b__W8192__T1__surreal__s2,True,96,88,0.886364,0.977273,0.333077,0,0.144974,0.869742,0.161594,0.629854,0.313749,6.88931,0.391382,-0.00399574,1,3,or-qwen3-8b,8192,1,surreal,2,s4.2,s4-w8192-20260904T120057Z-ce82ce55
or-qwen3-8b__W8192__T1p5__physics__s1,False,95,87,0.0114943,0,0.965454,0.886885,0,0.050791,0.0287681,0.0963303,0.499648,7.78368,0.504086,-0.0239968,0,0,or-qwen3-8b,8192,1.5,physics,1,s4.2,s4-w8192-20260904T120057Z-ce82ce55
or-qwen3-8b__W8192__T1p5__physics__s2,True,96,88,0.431818,0.568182,0.813392,0.443478,0.0228684,0.21875,0.120988,0.619048,0.496447,7.51713,0.422808,-0.137683,1,2,or-qwen3-8b,8192,1.5,physics,2,s4.2,s4-w8192-20260904T120057Z-ce82ce55
or-qwen3-8b__W8192__T1p5__surreal__s1,True,96,88,0,0.579545,0.52331,0,0.122938,1,0.0182289,0.0461538,0.482709,7.74992,0.467453,0.00657216,1,2,or-qwen3-8b,8192,1.5,surreal,1,s4.2,s4-w8192-20260904T120057Z-ce82ce55
or-qwen3-8b__W8192__T1p5__surreal__s2,False,95,87,0.0114943,0.0229885,0.927934,0.597143,0.00263507,0.0132312,0.0393155,0.0863402,0.348423,7.23023,0.431538,-0.00752438,0,0,or-qwen3-8b,8192,1.5,surreal,2,s4.2,s4-w8192-20260904T120057Z-ce82ce55
