band_left,band_right,band_mid,d_within,d_between,G,n_within_pairs,n_between_pairs,G_lo,G_hi,cell,embedding,generate_run_id,embed_run_id,persistence_run_id
1,2,1.41421,0.357511,0.535847,0.178336,54,649,0.110543,0.182201,instruct-nf4,local-bge-m3,s9-paperb-qwen-instruct-nf4-20260911T054758Z-c54e2ab6,s9-embed-paperb-qwen-embed-bge-20260915T052756Z-67e34519,s9-persistence-local-bge-m3-20260916T051228Z-954b0c16
2,3,2.44949,0.368696,0.537967,0.169271,54,649,0.0991244,0.176072,instruct-nf4,local-bge-m3,s9-paperb-qwen-instruct-nf4-20260911T054758Z-c54e2ab6,s9-embed-paperb-qwen-embed-bge-20260915T052756Z-67e34519,s9-persistence-local-bge-m3-20260916T051228Z-954b0c16
3,4,3.4641,0.369687,0.537342,0.167655,54,649,0.0982585,0.174366,instruct-nf4,local-bge-m3,s9-paperb-qwen-instruct-nf4-20260911T054758Z-c54e2ab6,s9-embed-paperb-qwen-embed-bge-20260915T052756Z-67e34519,s9-persistence-local-bge-m3-20260916T051228Z-954b0c16
4,5,4.47214,0.378124,0.536519,0.158395,54,649,0.0938765,0.162672,instruct-nf4,local-bge-m3,s9-paperb-qwen-instruct-nf4-20260911T054758Z-c54e2ab6,s9-embed-paperb-qwen-embed-bge-20260915T052756Z-67e34519,s9-persistence-local-bge-m3-20260916T051228Z-954b0c16
5,6,5.47723,0.385796,0.538762,0.152967,54,649,0.0898443,0.159882,instruct-nf4,local-bge-m3,s9-paperb-qwen-instruct-nf4-20260911T054758Z-c54e2ab6,s9-embed-paperb-qwen-embed-bge-20260915T052756Z-67e34519,s9-persistence-local-bge-m3-20260916T051228Z-954b0c16
6,7,6.48074,0.384846,0.537467,0.152621,54,649,0.08841,0.160021,instruct-nf4,local-bge-m3,s9-paperb-qwen-instruct-nf4-20260911T054758Z-c54e2ab6,s9-embed-paperb-qwen-embed-bge-20260915T052756Z-67e34519,s9-persistence-local-bge-m3-20260916T051228Z-954b0c16
7,8,7.48331,0.386024,0.537789,0.151765,54,649,0.0883847,0.158904,instruct-nf4,local-bge-m3,s9-paperb-qwen-instruct-nf4-20260911T054758Z-c54e2ab6,s9-embed-paperb-qwen-embed-bge-20260915T052756Z-67e34519,s9-persistence-local-bge-m3-20260916T051228Z-954b0c16
8,9,8.48528,0.385047,0.538219,0.153171,54,649,0.0895766,0.160774,instruct-nf4,local-bge-m3,s9-paperb-qwen-instruct-nf4-20260911T054758Z-c54e2ab6,s9-embed-paperb-qwen-embed-bge-20260915T052756Z-67e34519,s9-persistence-local-bge-m3-20260916T051228Z-954b0c16
9,10,9.48683,0.384244,0.536267,0.152023,54,649,0.0886257,0.159,instruct-nf4,local-bge-m3,s9-paperb-qwen-instruct-nf4-20260911T054758Z-c54e2ab6,s9-embed-paperb-qwen-embed-bge-20260915T052756Z-67e34519,s9-persistence-local-bge-m3-20260916T051228Z-954b0c16
10,11,10.4881,0.386002,0.537854,0.151852,54,649,0.0888896,0.158868,instruct-nf4,local-bge-m3,s9-paperb-qwen-instruct-nf4-20260911T054758Z-c54e2ab6,s9-embed-paperb-qwen-embed-bge-20260915T052756Z-67e34519,s9-persistence-local-bge-m3-20260916T051228Z-954b0c16
11,12,11.4891,0.385548,0.538228,0.15268,54,649,0.0893051,0.159318,instruct-nf4,local-bge-m3,s9-paperb-qwen-instruct-nf4-20260911T054758Z-c54e2ab6,s9-embed-paperb-qwen-embed-bge-20260915T052756Z-67e34519,s9-persistence-local-bge-m3-20260916T051228Z-954b0c16
12,13,12.49,0.387874,0.539241,0.151367,54,649,0.0871001,0.159001,instruct-nf4,local-bge-m3,s9-paperb-qwen-instruct-nf4-20260911T054758Z-c54e2ab6,s9-embed-paperb-qwen-embed-bge-20260915T052756Z-67e34519,s9-persistence-local-bge-m3-20260916T051228Z-954b0c16
1,2,1.41421,0.384679,0.536483,0.151805,40,425,0.0754752,0.161207,base-nf4,local-bge-m3,s9-paperb-qwen-base-nf4-20260912T014645Z-f55767bc,s9-embed-paperb-qwen-embed-bge-20260915T053111Z-f39fda7b,s9-persistence-local-bge-m3-20260916T051913Z-8e329e7d
2,3,2.44949,0.385639,0.536864,0.151224,40,425,0.0754195,0.158902,base-nf4,local-bge-m3,s9-paperb-qwen-base-nf4-20260912T014645Z-f55767bc,s9-embed-paperb-qwen-embed-bge-20260915T053111Z-f39fda7b,s9-persistence-local-bge-m3-20260916T051913Z-8e329e7d
3,4,3.4641,0.383738,0.53444,0.150702,40,425,0.0747677,0.159175,base-nf4,local-bge-m3,s9-paperb-qwen-base-nf4-20260912T014645Z-f55767bc,s9-embed-paperb-qwen-embed-bge-20260915T053111Z-f39fda7b,s9-persistence-local-bge-m3-20260916T051913Z-8e329e7d
4,5,4.47214,0.387282,0.537756,0.150474,40,425,0.0744391,0.159304,base-nf4,local-bge-m3,s9-paperb-qwen-base-nf4-20260912T014645Z-f55767bc,s9-embed-paperb-qwen-embed-bge-20260915T053111Z-f39fda7b,s9-persistence-local-bge-m3-20260916T051913Z-8e329e7d
5,6,5.47723,0.385383,0.536096,0.150712,40,425,0.0747516,0.158682,base-nf4,local-bge-m3,s9-paperb-qwen-base-nf4-20260912T014645Z-f55767bc,s9-embed-paperb-qwen-embed-bge-20260915T053111Z-f39fda7b,s9-persistence-local-bge-m3-20260916T051913Z-8e329e7d
6,7,6.48074,0.386401,0.536819,0.150419,40,425,0.0745743,0.158966,base-nf4,local-bge-m3,s9-paperb-qwen-base-nf4-20260912T014645Z-f55767bc,s9-embed-paperb-qwen-embed-bge-20260915T053111Z-f39fda7b,s9-persistence-local-bge-m3-20260916T051913Z-8e329e7d
7,8,7.48331,0.385363,0.536124,0.150761,40,425,0.0755101,0.158557,base-nf4,local-bge-m3,s9-paperb-qwen-base-nf4-20260912T014645Z-f55767bc,s9-embed-paperb-qwen-embed-bge-20260915T053111Z-f39fda7b,s9-persistence-local-bge-m3-20260916T051913Z-8e329e7d
8,9,8.48528,0.386324,0.535672,0.149348,40,425,0.074129,0.157892,base-nf4,local-bge-m3,s9-paperb-qwen-base-nf4-20260912T014645Z-f55767bc,s9-embed-paperb-qwen-embed-bge-20260915T053111Z-f39fda7b,s9-persistence-local-bge-m3-20260916T051913Z-8e329e7d
9,10,9.48683,0.387309,0.536017,0.148708,40,425,0.0743451,0.156653,base-nf4,local-bge-m3,s9-paperb-qwen-base-nf4-20260912T014645Z-f55767bc,s9-embed-paperb-qwen-embed-bge-20260915T053111Z-f39fda7b,s9-persistence-local-bge-m3-20260916T051913Z-8e329e7d
10,11,10.4881,0.391319,0.535459,0.14414,40,425,0.0690757,0.154577,base-nf4,local-bge-m3,s9-paperb-qwen-base-nf4-20260912T014645Z-f55767bc,s9-embed-paperb-qwen-embed-bge-20260915T053111Z-f39fda7b,s9-persistence-local-bge-m3-20260916T051913Z-8e329e7d
11,12,11.4891,0.39257,0.536409,0.143839,40,425,0.0689118,0.154528,base-nf4,local-bge-m3,s9-paperb-qwen-base-nf4-20260912T014645Z-f55767bc,s9-embed-paperb-qwen-embed-bge-20260915T053111Z-f39fda7b,s9-persistence-local-bge-m3-20260916T051913Z-8e329e7d
12,13,12.49,0.387862,0.535452,0.147591,40,425,0.0691844,0.158049,base-nf4,local-bge-m3,s9-paperb-qwen-base-nf4-20260912T014645Z-f55767bc,s9-embed-paperb-qwen-embed-bge-20260915T053111Z-f39fda7b,s9-persistence-local-bge-m3-20260916T051913Z-8e329e7d
1,2,1.41421,0.383188,0.546052,0.162865,4,32,-0.0595935,0.162865,instruct-int8,local-bge-m3,s9-paperb-qwen-instruct-int8-20260912T180435Z-e9c7d498,s9-embed-paperb-qwen-embed-bge-20260915T053243Z-5dab69c8,s9-persistence-local-bge-m3-20260916T052329Z-6a7ed931
2,3,2.44949,0.383495,0.547178,0.163683,4,32,-0.0643236,0.163683,instruct-int8,local-bge-m3,s9-paperb-qwen-instruct-int8-20260912T180435Z-e9c7d498,s9-embed-paperb-qwen-embed-bge-20260915T053243Z-5dab69c8,s9-persistence-local-bge-m3-20260916T052329Z-6a7ed931
3,4,3.4641,0.377632,0.548866,0.171234,4,32,-0.0616253,0.171234,instruct-int8,local-bge-m3,s9-paperb-qwen-instruct-int8-20260912T180435Z-e9c7d498,s9-embed-paperb-qwen-embed-bge-20260915T053243Z-5dab69c8,s9-persistence-local-bge-m3-20260916T052329Z-6a7ed931
4,5,4.47214,0.380377,0.54935,0.168973,4,32,-0.0608038,0.168973,instruct-int8,local-bge-m3,s9-paperb-qwen-instruct-int8-20260912T180435Z-e9c7d498,s9-embed-paperb-qwen-embed-bge-20260915T053243Z-5dab69c8,s9-persistence-local-bge-m3-20260916T052329Z-6a7ed931
5,6,5.47723,0.379586,0.547895,0.168309,4,32,-0.0578316,0.168309,instruct-int8,local-bge-m3,s9-paperb-qwen-instruct-int8-20260912T180435Z-e9c7d498,s9-embed-paperb-qwen-embed-bge-20260915T053243Z-5dab69c8,s9-persistence-local-bge-m3-20260916T052329Z-6a7ed931
6,7,6.48074,0.381154,0.547948,0.166794,4,32,-0.0581346,0.166794,instruct-int8,local-bge-m3,s9-paperb-qwen-instruct-int8-20260912T180435Z-e9c7d498,s9-embed-paperb-qwen-embed-bge-20260915T053243Z-5dab69c8,s9-persistence-local-bge-m3-20260916T052329Z-6a7ed931
7,8,7.48331,0.384438,0.54859,0.164151,4,32,-0.0582128,0.164151,instruct-int8,local-bge-m3,s9-paperb-qwen-instruct-int8-20260912T180435Z-e9c7d498,s9-embed-paperb-qwen-embed-bge-20260915T053243Z-5dab69c8,s9-persistence-local-bge-m3-20260916T052329Z-6a7ed931
8,9,8.48528,0.380771,0.546588,0.165817,4,32,-0.0599067,0.165817,instruct-int8,local-bge-m3,s9-paperb-qwen-instruct-int8-20260912T180435Z-e9c7d498,s9-embed-paperb-qwen-embed-bge-20260915T053243Z-5dab69c8,s9-persistence-local-bge-m3-20260916T052329Z-6a7ed931
9,10,9.48683,0.3736,0.544893,0.171293,4,32,-0.0544418,0.171293,instruct-int8,local-bge-m3,s9-paperb-qwen-instruct-int8-20260912T180435Z-e9c7d498,s9-embed-paperb-qwen-embed-bge-20260915T053243Z-5dab69c8,s9-persistence-local-bge-m3-20260916T052329Z-6a7ed931
10,11,10.4881,0.378085,0.548445,0.17036,4,32,-0.0574285,0.17036,instruct-int8,local-bge-m3,s9-paperb-qwen-instruct-int8-20260912T180435Z-e9c7d498,s9-embed-paperb-qwen-embed-bge-20260915T053243Z-5dab69c8,s9-persistence-local-bge-m3-20260916T052329Z-6a7ed931
11,12,11.4891,0.380527,0.54776,0.167233,4,32,-0.0606147,0.167233,instruct-int8,local-bge-m3,s9-paperb-qwen-instruct-int8-20260912T180435Z-e9c7d498,s9-embed-paperb-qwen-embed-bge-20260915T053243Z-5dab69c8,s9-persistence-local-bge-m3-20260916T052329Z-6a7ed931
12,13,12.49,0.387296,0.552272,0.164976,4,32,-0.0642823,0.164976,instruct-int8,local-bge-m3,s9-paperb-qwen-instruct-int8-20260912T180435Z-e9c7d498,s9-embed-paperb-qwen-embed-bge-20260915T053243Z-5dab69c8,s9-persistence-local-bge-m3-20260916T052329Z-6a7ed931
1,2,1.41421,0.382581,0.506436,0.123855,3,25,-0.0823408,0.123855,base-int8,local-bge-m3,s9-paperb-qwen-base-int8-20260914T091655Z-11069a87,s9-embed-paperb-qwen-embed-bge-20260915T053326Z-5b7d1cb9,s9-persistence-local-bge-m3-20260916T052413Z-824d9551
2,3,2.44949,0.382895,0.509808,0.126913,3,25,-0.0747079,0.126913,base-int8,local-bge-m3,s9-paperb-qwen-base-int8-20260914T091655Z-11069a87,s9-embed-paperb-qwen-embed-bge-20260915T053326Z-5b7d1cb9,s9-persistence-local-bge-m3-20260916T052413Z-824d9551
3,4,3.4641,0.379084,0.509779,0.130695,3,25,-0.0767476,0.130695,base-int8,local-bge-m3,s9-paperb-qwen-base-int8-20260914T091655Z-11069a87,s9-embed-paperb-qwen-embed-bge-20260915T053326Z-5b7d1cb9,s9-persistence-local-bge-m3-20260916T052413Z-824d9551
4,5,4.47214,0.3809,0.50761,0.12671,3,25,-0.076144,0.12671,base-int8,local-bge-m3,s9-paperb-qwen-base-int8-20260914T091655Z-11069a87,s9-embed-paperb-qwen-embed-bge-20260915T053326Z-5b7d1cb9,s9-persistence-local-bge-m3-20260916T052413Z-824d9551
5,6,5.47723,0.385106,0.510885,0.125779,3,25,-0.0804393,0.125779,base-int8,local-bge-m3,s9-paperb-qwen-base-int8-20260914T091655Z-11069a87,s9-embed-paperb-qwen-embed-bge-20260915T053326Z-5b7d1cb9,s9-persistence-local-bge-m3-20260916T052413Z-824d9551
6,7,6.48074,0.378033,0.507746,0.129713,3,25,-0.0737806,0.129713,base-int8,local-bge-m3,s9-paperb-qwen-base-int8-20260914T091655Z-11069a87,s9-embed-paperb-qwen-embed-bge-20260915T053326Z-5b7d1cb9,s9-persistence-local-bge-m3-20260916T052413Z-824d9551
7,8,7.48331,0.381518,0.507919,0.126401,3,25,-0.076193,0.126401,base-int8,local-bge-m3,s9-paperb-qwen-base-int8-20260914T091655Z-11069a87,s9-embed-paperb-qwen-embed-bge-20260915T053326Z-5b7d1cb9,s9-persistence-local-bge-m3-20260916T052413Z-824d9551
8,9,8.48528,0.383088,0.512168,0.129081,3,25,-0.07358,0.129081,base-int8,local-bge-m3,s9-paperb-qwen-base-int8-20260914T091655Z-11069a87,s9-embed-paperb-qwen-embed-bge-20260915T053326Z-5b7d1cb9,s9-persistence-local-bge-m3-20260916T052413Z-824d9551
9,10,9.48683,0.377246,0.50852,0.131274,3,25,-0.0744115,0.131274,base-int8,local-bge-m3,s9-paperb-qwen-base-int8-20260914T091655Z-11069a87,s9-embed-paperb-qwen-embed-bge-20260915T053326Z-5b7d1cb9,s9-persistence-local-bge-m3-20260916T052413Z-824d9551
10,11,10.4881,0.381436,0.508108,0.126672,3,25,-0.0785105,0.126672,base-int8,local-bge-m3,s9-paperb-qwen-base-int8-20260914T091655Z-11069a87,s9-embed-paperb-qwen-embed-bge-20260915T053326Z-5b7d1cb9,s9-persistence-local-bge-m3-20260916T052413Z-824d9551
11,12,11.4891,0.382534,0.509153,0.126619,3,25,-0.0776206,0.126619,base-int8,local-bge-m3,s9-paperb-qwen-base-int8-20260914T091655Z-11069a87,s9-embed-paperb-qwen-embed-bge-20260915T053326Z-5b7d1cb9,s9-persistence-local-bge-m3-20260916T052413Z-824d9551
12,13,12.49,0.371147,0.50235,0.131202,3,25,-0.0790679,0.131202,base-int8,local-bge-m3,s9-paperb-qwen-base-int8-20260914T091655Z-11069a87,s9-embed-paperb-qwen-embed-bge-20260915T053326Z-5b7d1cb9,s9-persistence-local-bge-m3-20260916T052413Z-824d9551
1,2,1.41421,0.420308,0.76732,0.347012,54,649,0.222477,0.364477,instruct-nf4,qwen3-embed-8b,s9-paperb-qwen-instruct-nf4-20260911T054758Z-c54e2ab6,s9-embed-paperb-qwen-embed-qwen-hosted-20260915T061135Z-f7e02b57,s9-persistence-qwen3-embed-8b-20260916T052454Z-c734ab5c
2,3,2.44949,0.427041,0.762985,0.335944,54,649,0.209746,0.35462,instruct-nf4,qwen3-embed-8b,s9-paperb-qwen-instruct-nf4-20260911T054758Z-c54e2ab6,s9-embed-paperb-qwen-embed-qwen-hosted-20260915T061135Z-f7e02b57,s9-persistence-qwen3-embed-8b-20260916T052454Z-c734ab5c
3,4,3.4641,0.433394,0.76648,0.333086,54,649,0.207984,0.3516,instruct-nf4,qwen3-embed-8b,s9-paperb-qwen-instruct-nf4-20260911T054758Z-c54e2ab6,s9-embed-paperb-qwen-embed-qwen-hosted-20260915T061135Z-f7e02b57,s9-persistence-qwen3-embed-8b-20260916T052454Z-c734ab5c
4,5,4.47214,0.453506,0.768078,0.314571,54,649,0.201894,0.323738,instruct-nf4,qwen3-embed-8b,s9-paperb-qwen-instruct-nf4-20260911T054758Z-c54e2ab6,s9-embed-paperb-qwen-embed-qwen-hosted-20260915T061135Z-f7e02b57,s9-persistence-qwen3-embed-8b-20260916T052454Z-c734ab5c
5,6,5.47723,0.459295,0.765343,0.306048,54,649,0.194586,0.31507,instruct-nf4,qwen3-embed-8b,s9-paperb-qwen-instruct-nf4-20260911T054758Z-c54e2ab6,s9-embed-paperb-qwen-embed-qwen-hosted-20260915T061135Z-f7e02b57,s9-persistence-qwen3-embed-8b-20260916T052454Z-c734ab5c
6,7,6.48074,0.456944,0.763865,0.306921,54,649,0.195507,0.316006,instruct-nf4,qwen3-embed-8b,s9-paperb-qwen-instruct-nf4-20260911T054758Z-c54e2ab6,s9-embed-paperb-qwen-embed-qwen-hosted-20260915T061135Z-f7e02b57,s9-persistence-qwen3-embed-8b-20260916T052454Z-c734ab5c
7,8,7.48331,0.457107,0.763131,0.306024,54,649,0.195262,0.314742,instruct-nf4,qwen3-embed-8b,s9-paperb-qwen-instruct-nf4-20260911T054758Z-c54e2ab6,s9-embed-paperb-qwen-embed-qwen-hosted-20260915T061135Z-f7e02b57,s9-persistence-qwen3-embed-8b-20260916T052454Z-c734ab5c
8,9,8.48528,0.45846,0.764535,0.306075,54,649,0.194713,0.314423,instruct-nf4,qwen3-embed-8b,s9-paperb-qwen-instruct-nf4-20260911T054758Z-c54e2ab6,s9-embed-paperb-qwen-embed-qwen-hosted-20260915T061135Z-f7e02b57,s9-persistence-qwen3-embed-8b-20260916T052454Z-c734ab5c
9,10,9.48683,0.457798,0.763826,0.306028,54,649,0.195973,0.314879,instruct-nf4,qwen3-embed-8b,s9-paperb-qwen-instruct-nf4-20260911T054758Z-c54e2ab6,s9-embed-paperb-qwen-embed-qwen-hosted-20260915T061135Z-f7e02b57,s9-persistence-qwen3-embed-8b-20260916T052454Z-c734ab5c
10,11,10.4881,0.463533,0.765997,0.302464,54,649,0.193424,0.310095,instruct-nf4,qwen3-embed-8b,s9-paperb-qwen-instruct-nf4-20260911T054758Z-c54e2ab6,s9-embed-paperb-qwen-embed-qwen-hosted-20260915T061135Z-f7e02b57,s9-persistence-qwen3-embed-8b-20260916T052454Z-c734ab5c
11,12,11.4891,0.456038,0.761895,0.305857,54,649,0.195295,0.314598,instruct-nf4,qwen3-embed-8b,s9-paperb-qwen-instruct-nf4-20260911T054758Z-c54e2ab6,s9-embed-paperb-qwen-embed-qwen-hosted-20260915T061135Z-f7e02b57,s9-persistence-qwen3-embed-8b-20260916T052454Z-c734ab5c
12,13,12.49,0.459298,0.763914,0.304616,54,649,0.191654,0.315201,instruct-nf4,qwen3-embed-8b,s9-paperb-qwen-instruct-nf4-20260911T054758Z-c54e2ab6,s9-embed-paperb-qwen-embed-qwen-hosted-20260915T061135Z-f7e02b57,s9-persistence-qwen3-embed-8b-20260916T052454Z-c734ab5c
1,2,1.41421,0.47114,0.723725,0.252586,40,425,0.1355,0.260783,base-nf4,qwen3-embed-8b,s9-paperb-qwen-base-nf4-20260912T014645Z-f55767bc,s9-embed-paperb-qwen-embed-qwen-hosted-20260915T063412Z-4d5ac57f,s9-persistence-qwen3-embed-8b-20260916T053841Z-2cf3242d
2,3,2.44949,0.468638,0.72448,0.255842,40,425,0.137593,0.265237,base-nf4,qwen3-embed-8b,s9-paperb-qwen-base-nf4-20260912T014645Z-f55767bc,s9-embed-paperb-qwen-embed-qwen-hosted-20260915T063412Z-4d5ac57f,s9-persistence-qwen3-embed-8b-20260916T053841Z-2cf3242d
3,4,3.4641,0.466322,0.723284,0.256963,40,425,0.138357,0.265263,base-nf4,qwen3-embed-8b,s9-paperb-qwen-base-nf4-20260912T014645Z-f55767bc,s9-embed-paperb-qwen-embed-qwen-hosted-20260915T063412Z-4d5ac57f,s9-persistence-qwen3-embed-8b-20260916T053841Z-2cf3242d
4,5,4.47214,0.467701,0.724248,0.256547,40,425,0.136525,0.267444,base-nf4,qwen3-embed-8b,s9-paperb-qwen-base-nf4-20260912T014645Z-f55767bc,s9-embed-paperb-qwen-embed-qwen-hosted-20260915T063412Z-4d5ac57f,s9-persistence-qwen3-embed-8b-20260916T053841Z-2cf3242d
5,6,5.47723,0.46631,0.722938,0.256628,40,425,0.13713,0.265128,base-nf4,qwen3-embed-8b,s9-paperb-qwen-base-nf4-20260912T014645Z-f55767bc,s9-embed-paperb-qwen-embed-qwen-hosted-20260915T063412Z-4d5ac57f,s9-persistence-qwen3-embed-8b-20260916T053841Z-2cf3242d
6,7,6.48074,0.465906,0.72491,0.259004,40,425,0.138836,0.269913,base-nf4,qwen3-embed-8b,s9-paperb-qwen-base-nf4-20260912T014645Z-f55767bc,s9-embed-paperb-qwen-embed-qwen-hosted-20260915T063412Z-4d5ac57f,s9-persistence-qwen3-embed-8b-20260916T053841Z-2cf3242d
7,8,7.48331,0.465454,0.724084,0.25863,40,425,0.138247,0.269836,base-nf4,qwen3-embed-8b,s9-paperb-qwen-base-nf4-20260912T014645Z-f55767bc,s9-embed-paperb-qwen-embed-qwen-hosted-20260915T063412Z-4d5ac57f,s9-persistence-qwen3-embed-8b-20260916T053841Z-2cf3242d
8,9,8.48528,0.4681,0.725175,0.257075,40,425,0.137474,0.266361,base-nf4,qwen3-embed-8b,s9-paperb-qwen-base-nf4-20260912T014645Z-f55767bc,s9-embed-paperb-qwen-embed-qwen-hosted-20260915T063412Z-4d5ac57f,s9-persistence-qwen3-embed-8b-20260916T053841Z-2cf3242d
9,10,9.48683,0.473368,0.721504,0.248136,40,425,0.133497,0.255914,base-nf4,qwen3-embed-8b,s9-paperb-qwen-base-nf4-20260912T014645Z-f55767bc,s9-embed-paperb-qwen-embed-qwen-hosted-20260915T063412Z-4d5ac57f,s9-persistence-qwen3-embed-8b-20260916T053841Z-2cf3242d
10,11,10.4881,0.486298,0.717749,0.231451,40,425,0.120875,0.239792,base-nf4,qwen3-embed-8b,s9-paperb-qwen-base-nf4-20260912T014645Z-f55767bc,s9-embed-paperb-qwen-embed-qwen-hosted-20260915T063412Z-4d5ac57f,s9-persistence-qwen3-embed-8b-20260916T053841Z-2cf3242d
11,12,11.4891,0.491033,0.721945,0.230913,40,425,0.120015,0.240458,base-nf4,qwen3-embed-8b,s9-paperb-qwen-base-nf4-20260912T014645Z-f55767bc,s9-embed-paperb-qwen-embed-qwen-hosted-20260915T063412Z-4d5ac57f,s9-persistence-qwen3-embed-8b-20260916T053841Z-2cf3242d
12,13,12.49,0.484915,0.718213,0.233299,40,425,0.117225,0.244196,base-nf4,qwen3-embed-8b,s9-paperb-qwen-base-nf4-20260912T014645Z-f55767bc,s9-embed-paperb-qwen-embed-qwen-hosted-20260915T063412Z-4d5ac57f,s9-persistence-qwen3-embed-8b-20260916T053841Z-2cf3242d
1,2,1.41421,0.406819,0.743155,0.336336,4,32,0.0140457,0.347519,instruct-int8,qwen3-embed-8b,s9-paperb-qwen-instruct-int8-20260912T180435Z-e9c7d498,s9-embed-paperb-qwen-embed-qwen-hosted-20260915T064725Z-55778666,s9-persistence-qwen3-embed-8b-20260916T054819Z-96e1c2e3
2,3,2.44949,0.412431,0.743747,0.331317,4,32,0.00892898,0.339795,instruct-int8,qwen3-embed-8b,s9-paperb-qwen-instruct-int8-20260912T180435Z-e9c7d498,s9-embed-paperb-qwen-embed-qwen-hosted-20260915T064725Z-55778666,s9-persistence-qwen3-embed-8b-20260916T054819Z-96e1c2e3
3,4,3.4641,0.405142,0.745647,0.340505,4,32,0.0120765,0.362771,instruct-int8,qwen3-embed-8b,s9-paperb-qwen-instruct-int8-20260912T180435Z-e9c7d498,s9-embed-paperb-qwen-embed-qwen-hosted-20260915T064725Z-55778666,s9-persistence-qwen3-embed-8b-20260916T054819Z-96e1c2e3
4,5,4.47214,0.402464,0.742588,0.340124,4,32,0.00885438,0.360537,instruct-int8,qwen3-embed-8b,s9-paperb-qwen-instruct-int8-20260912T180435Z-e9c7d498,s9-embed-paperb-qwen-embed-qwen-hosted-20260915T064725Z-55778666,s9-persistence-qwen3-embed-8b-20260916T054819Z-96e1c2e3
5,6,5.47723,0.409465,0.744891,0.335425,4,32,0.0105316,0.349152,instruct-int8,qwen3-embed-8b,s9-paperb-qwen-instruct-int8-20260912T180435Z-e9c7d498,s9-embed-paperb-qwen-embed-qwen-hosted-20260915T064725Z-55778666,s9-persistence-qwen3-embed-8b-20260916T054819Z-96e1c2e3
6,7,6.48074,0.406676,0.747616,0.340941,4,32,0.0102901,0.359144,instruct-int8,qwen3-embed-8b,s9-paperb-qwen-instruct-int8-20260912T180435Z-e9c7d498,s9-embed-paperb-qwen-embed-qwen-hosted-20260915T064725Z-55778666,s9-persistence-qwen3-embed-8b-20260916T054819Z-96e1c2e3
7,8,7.48331,0.418919,0.750246,0.331327,4,32,0.000465853,0.353546,instruct-int8,qwen3-embed-8b,s9-paperb-qwen-instruct-int8-20260912T180435Z-e9c7d498,s9-embed-paperb-qwen-embed-qwen-hosted-20260915T064725Z-55778666,s9-persistence-qwen3-embed-8b-20260916T054819Z-96e1c2e3
8,9,8.48528,0.410474,0.746372,0.335898,4,32,0.00575561,0.350567,instruct-int8,qwen3-embed-8b,s9-paperb-qwen-instruct-int8-20260912T180435Z-e9c7d498,s9-embed-paperb-qwen-embed-qwen-hosted-20260915T064725Z-55778666,s9-persistence-qwen3-embed-8b-20260916T054819Z-96e1c2e3
9,10,9.48683,0.398482,0.740396,0.341914,4,32,0.014015,0.364365,instruct-int8,qwen3-embed-8b,s9-paperb-qwen-instruct-int8-20260912T180435Z-e9c7d498,s9-embed-paperb-qwen-embed-qwen-hosted-20260915T064725Z-55778666,s9-persistence-qwen3-embed-8b-20260916T054819Z-96e1c2e3
10,11,10.4881,0.406908,0.747121,0.340213,4,32,0.0113233,0.362733,instruct-int8,qwen3-embed-8b,s9-paperb-qwen-instruct-int8-20260912T180435Z-e9c7d498,s9-embed-paperb-qwen-embed-qwen-hosted-20260915T064725Z-55778666,s9-persistence-qwen3-embed-8b-20260916T054819Z-96e1c2e3
11,12,11.4891,0.401416,0.7428,0.341384,4,32,0.0139835,0.36042,instruct-int8,qwen3-embed-8b,s9-paperb-qwen-instruct-int8-20260912T180435Z-e9c7d498,s9-embed-paperb-qwen-embed-qwen-hosted-20260915T064725Z-55778666,s9-persistence-qwen3-embed-8b-20260916T054819Z-96e1c2e3
12,13,12.49,0.407035,0.734264,0.327228,4,32,0.00491363,0.33886,instruct-int8,qwen3-embed-8b,s9-paperb-qwen-instruct-int8-20260912T180435Z-e9c7d498,s9-embed-paperb-qwen-embed-qwen-hosted-20260915T064725Z-55778666,s9-persistence-qwen3-embed-8b-20260916T054819Z-96e1c2e3
1,2,1.41421,0.428468,0.697932,0.269464,3,25,-0.088792,0.3417,base-int8,qwen3-embed-8b,s9-paperb-qwen-base-int8-20260914T091655Z-11069a87,s9-embed-paperb-qwen-embed-qwen-hosted-20260915T065143Z-05c4d516,s9-persistence-qwen3-embed-8b-20260916T054933Z-69fe70ad
2,3,2.44949,0.426768,0.695969,0.269201,3,25,-0.0866552,0.344374,base-int8,qwen3-embed-8b,s9-paperb-qwen-base-int8-20260914T091655Z-11069a87,s9-embed-paperb-qwen-embed-qwen-hosted-20260915T065143Z-05c4d516,s9-persistence-qwen3-embed-8b-20260916T054933Z-69fe70ad
3,4,3.4641,0.428698,0.697097,0.268399,3,25,-0.0938554,0.345282,base-int8,qwen3-embed-8b,s9-paperb-qwen-base-int8-20260914T091655Z-11069a87,s9-embed-paperb-qwen-embed-qwen-hosted-20260915T065143Z-05c4d516,s9-persistence-qwen3-embed-8b-20260916T054933Z-69fe70ad
4,5,4.47214,0.425328,0.698096,0.272769,3,25,-0.0793596,0.343374,base-int8,qwen3-embed-8b,s9-paperb-qwen-base-int8-20260914T091655Z-11069a87,s9-embed-paperb-qwen-embed-qwen-hosted-20260915T065143Z-05c4d516,s9-persistence-qwen3-embed-8b-20260916T054933Z-69fe70ad
5,6,5.47723,0.425586,0.696287,0.270701,3,25,-0.0876938,0.346978,base-int8,qwen3-embed-8b,s9-paperb-qwen-base-int8-20260914T091655Z-11069a87,s9-embed-paperb-qwen-embed-qwen-hosted-20260915T065143Z-05c4d516,s9-persistence-qwen3-embed-8b-20260916T054933Z-69fe70ad
6,7,6.48074,0.429218,0.69719,0.267972,3,25,-0.0939763,0.344403,base-int8,qwen3-embed-8b,s9-paperb-qwen-base-int8-20260914T091655Z-11069a87,s9-embed-paperb-qwen-embed-qwen-hosted-20260915T065143Z-05c4d516,s9-persistence-qwen3-embed-8b-20260916T054933Z-69fe70ad
7,8,7.48331,0.420182,0.6983,0.278117,3,25,-0.0804809,0.353572,base-int8,qwen3-embed-8b,s9-paperb-qwen-base-int8-20260914T091655Z-11069a87,s9-embed-paperb-qwen-embed-qwen-hosted-20260915T065143Z-05c4d516,s9-persistence-qwen3-embed-8b-20260916T054933Z-69fe70ad
8,9,8.48528,0.428845,0.697272,0.268427,3,25,-0.0856286,0.339351,base-int8,qwen3-embed-8b,s9-paperb-qwen-base-int8-20260914T091655Z-11069a87,s9-embed-paperb-qwen-embed-qwen-hosted-20260915T065143Z-05c4d516,s9-persistence-qwen3-embed-8b-20260916T054933Z-69fe70ad
9,10,9.48683,0.427355,0.699654,0.272299,3,25,-0.0893641,0.348111,base-int8,qwen3-embed-8b,s9-paperb-qwen-base-int8-20260914T091655Z-11069a87,s9-embed-paperb-qwen-embed-qwen-hosted-20260915T065143Z-05c4d516,s9-persistence-qwen3-embed-8b-20260916T054933Z-69fe70ad
10,11,10.4881,0.429741,0.700518,0.270776,3,25,-0.0873602,0.344864,base-int8,qwen3-embed-8b,s9-paperb-qwen-base-int8-20260914T091655Z-11069a87,s9-embed-paperb-qwen-embed-qwen-hosted-20260915T065143Z-05c4d516,s9-persistence-qwen3-embed-8b-20260916T054933Z-69fe70ad
11,12,11.4891,0.419767,0.693672,0.273905,3,25,-0.0871195,0.350111,base-int8,qwen3-embed-8b,s9-paperb-qwen-base-int8-20260914T091655Z-11069a87,s9-embed-paperb-qwen-embed-qwen-hosted-20260915T065143Z-05c4d516,s9-persistence-qwen3-embed-8b-20260916T054933Z-69fe70ad
12,13,12.49,0.436343,0.691024,0.254681,3,25,-0.0924319,0.316634,base-int8,qwen3-embed-8b,s9-paperb-qwen-base-int8-20260914T091655Z-11069a87,s9-embed-paperb-qwen-embed-qwen-hosted-20260915T065143Z-05c4d516,s9-persistence-qwen3-embed-8b-20260916T054933Z-69fe70ad
