cell,generate_run_id,trajectory_id,seed_id,stochastic,status,error,generated_tokens
instruct-nf4,s9-paperb-qwen-instruct-nf4-20260911T054758Z-c54e2ab6,pb-qwen3-8b-instruct__W4096__T0p3__programming__s2,programming,s2,FAILED,trajectory pb-qwen3-8b-instruct__W4096__T0p3__programming__s2: 5 consecutive empty completions; the model is not free-running under this continuation mechanism,1226
instruct-nf4,s9-paperb-qwen-instruct-nf4-20260911T054758Z-c54e2ab6,pb-qwen3-8b-instruct__W4096__T0p3__surreal__s2,surreal,s2,FAILED,trajectory pb-qwen3-8b-instruct__W4096__T0p3__surreal__s2: 5 consecutive empty completions; the model is not free-running under this continuation mechanism,2458
base-nf4,s9-paperb-qwen-base-nf4-20260912T014645Z-f55767bc,pb-qwen3-8b-base__W4096__T0p3__biology__s2,biology,s2,FAILED,trajectory pb-qwen3-8b-base__W4096__T0p3__biology__s2: 5 consecutive empty completions; the model is not free-running under this continuation mechanism,282
base-nf4,s9-paperb-qwen-base-nf4-20260912T014645Z-f55767bc,pb-qwen3-8b-base__W4096__T0p3__recipe__s1,recipe,s1,FAILED,trajectory pb-qwen3-8b-base__W4096__T0p3__recipe__s1: 5 consecutive empty completions; the model is not free-running under this continuation mechanism,7
base-nf4,s9-paperb-qwen-base-nf4-20260912T014645Z-f55767bc,pb-qwen3-8b-base__W4096__T0p3__recipe__s2,recipe,s2,FAILED,trajectory pb-qwen3-8b-base__W4096__T0p3__recipe__s2: 5 consecutive empty completions; the model is not free-running under this continuation mechanism,9
base-nf4,s9-paperb-qwen-base-nf4-20260912T014645Z-f55767bc,pb-qwen3-8b-base__W4096__T0p3__recipe__s3,recipe,s3,FAILED,trajectory pb-qwen3-8b-base__W4096__T0p3__recipe__s3: 5 consecutive empty completions; the model is not free-running under this continuation mechanism,13
base-nf4,s9-paperb-qwen-base-nf4-20260912T014645Z-f55767bc,pb-qwen3-8b-base__W4096__T0p3__recipe__s4,recipe,s4,FAILED,trajectory pb-qwen3-8b-base__W4096__T0p3__recipe__s4: 5 consecutive empty completions; the model is not free-running under this continuation mechanism,8
base-nf4,s9-paperb-qwen-base-nf4-20260912T014645Z-f55767bc,pb-qwen3-8b-base__W4096__T0p3__programming__s1,programming,s1,FAILED,trajectory pb-qwen3-8b-base__W4096__T0p3__programming__s1: 5 consecutive empty completions; the model is not free-running under this continuation mechanism,4
base-nf4,s9-paperb-qwen-base-nf4-20260912T014645Z-f55767bc,pb-qwen3-8b-base__W4096__T0p3__programming__s3,programming,s3,FAILED,trajectory pb-qwen3-8b-base__W4096__T0p3__programming__s3: 5 consecutive empty completions; the model is not free-running under this continuation mechanism,6
base-nf4,s9-paperb-qwen-base-nf4-20260912T014645Z-f55767bc,pb-qwen3-8b-base__W4096__T0p3__philosophy__s3,philosophy,s3,FAILED,trajectory pb-qwen3-8b-base__W4096__T0p3__philosophy__s3: 5 consecutive empty completions; the model is not free-running under this continuation mechanism,138
base-nf4,s9-paperb-qwen-base-nf4-20260912T014645Z-f55767bc,pb-qwen3-8b-base__W4096__T0p3__surreal__s3,surreal,s3,FAILED,trajectory pb-qwen3-8b-base__W4096__T0p3__surreal__s3: 5 consecutive empty completions; the model is not free-running under this continuation mechanism,561
instruct-int8,s9-paperb-qwen-instruct-int8-20260912T180435Z-e9c7d498,pb-qwen3-8b-instruct-int8__W4096__T0p3__programming__s1,programming,s1,FAILED,trajectory pb-qwen3-8b-instruct-int8__W4096__T0p3__programming__s1: 5 consecutive empty completions; the model is not free-running under this continuation mechanism,1973
base-int8,s9-paperb-qwen-base-int8-20260914T091655Z-11069a87,pb-qwen3-8b-base-int8__W4096__T0p3__biology__s2,biology,s2,FAILED,trajectory pb-qwen3-8b-base-int8__W4096__T0p3__biology__s2: 5 consecutive empty completions; the model is not free-running under this continuation mechanism,398
base-int8,s9-paperb-qwen-base-int8-20260914T091655Z-11069a87,pb-qwen3-8b-base-int8__W4096__T0p3__programming__s1,programming,s1,FAILED,trajectory pb-qwen3-8b-base-int8__W4096__T0p3__programming__s1: 5 consecutive empty completions; the model is not free-running under this continuation mechanism,6
